{"file_hashes":[{"block_hashes":["tKJiHfSjhNfVuI/uVtNTqmtMTmNFosgnp76Nx48NK40=","kIIzIgZS+/JsnEHB+31knnp2K5QxBuLHyHsMag0vwYE=","BAs/ysjLPE8OSwqPSg5WRghuOtXzBuCwErMz/dXG36Y=","MPuKzZ/8+w0d5X6uheDETZaKR9+CROUhJnO6Q/bRamI=","sy6kvYwqZ4fdjHvHxnVstymedH9lQUX7CdsjdZ1o5j4=","hAmu/JnQfUTHQJ7bOg1Xk3p8mjOCwL89xFtc5fBgWbE=","EQhbJ9+UkB1kZRx6Un3olqfEyNdJFJEW4jvtczTYXqY=","m2oYH5xBXYaOME4AXAfbHJ0YgkGqmayEGZVAekjcT2E=","YF9RuYdxEBqfx5CiVbs/rcN/pZ4N13e3AYa44Ai3H1s=","6cW/Jt2IL40MOMJCuIXYakKHvwJxU300tQ5Ocw3qvOo=","+7fi9nT3t+Xl8/YnCuPhaH760sIr2ZEVfixKgHDS40s="],"block_size":4096,"path":"FirstParty/aria-webjs-sdk/aria-webjs-sdk-1.2.0.min.js"},{"block_hashes":["1P8hUwH2sqBA2H36kGM2Eu3Qk8/erpKjQqQsbcpG9Js=","eAvjo2y/z/FQatLutvZ6Q5uozmgp8o03+J25wnvYrC8=","JcGEbGSzsMFgFU8PC/uFSzIN1UrFkTdmeT61fx0BSbc=","ZY7TfORBwiYrXSFV1s4GhJgE8/7nOQDWSmDSRzkWwHs=","QNh2pVxq2RIcdwmpB/0JAXRP2xdPfDr/WLOxCPqHLdI=","rpGjoIgTrCnBWTdDRX0RdkILrEw7bjfVuZ5KqeL7HNA="],"block_size":4096,"path":"ThirdPartyIP/bower_components/angular-animate/angular-animate.min.js"},{"block_hashes":["Xnz/vX4mxSncF3nrWzQexdu53xT/P+Qo42JtmMferRs="],"block_size":4096,"path":"ThirdPartyIP/bower_components/angular-aria/angular-aria.min.js"},{"block_hashes":["tRMUzc1VXCG1GEXRyXR719NQQm7gq5HO6DK5KpNsDEk=","r9oPKyM9oosZmpDUTnpLq9C4rJQpNSLev7Fa9MhUiq4="],"block_size":4096,"path":"ThirdPartyIP/bower_components/angular-route/angular-route.min.js"},{"block_hashes":["S/K9q0CtuaBrswbQIfnQ9f5fXEpKboP5S8C/QfCufp0=","+eE0vrxTkBmjkLN3phSg3NIEqTTE1ioenJpnJu8JA60=","HB+TKDsxRrfDi4Ty0cTIzDR7Uqwbr1qu74fcMCpXBT8="],"block_size":4096,"path":"ThirdPartyIP/bower_components/angular-spinkit/build/angular-spinkit.min.css"},{"block_hashes":["D48nUYB4GccWBqM3rDRDvA74wc6XWRszdvt9JUOmqwY=","UKeFlApNgo1OxQo0H+Zft+ZWgrgOVw0C6qIKu1hMFVY="],"block_size":4096,"path":"ThirdPartyIP/bower_components/angular-spinkit/build/angular-spinkit.min.js"},{"block_hashes":["xEz4WfSVd/IUouaa73rPiMpPOcuw72AF1vov+B6Uul4=","oqWfdpBwA2ZAgEt4t0/MlAVZjpCFAQCaNyhU/bYGdEg=","y41KdxgD0mgghwwz2iIZQkVZPiOKxteBTnez8V8zbNw=","zjI8dfYmfz3jvB8f4+mMp+QaZegV5wsrjQLANSnWGLU="],"block_size":4096,"path":"ThirdPartyIP/bower_components/angular-spinkit/src/angular-spinkit.css"},{"block_hashes":["iA8LRZSohzASEevcfD3J75HJ/PRC3eF5u7lqWT+R5oQ="],"block_size":4096,"path":"ThirdPartyIP/bower_components/angular/angular-csp.css"},{"block_hashes":["fZynBLDm1C7MS7HJNW6+nrLP4NSvaUkbnxHojFJn/bQ=","nmbNBM75p3+qUW52h05ICdWH2oUe1Y4gdW+Zk5W79nc=","soeHC8VLAxCoN8ooz+oC/kFnXSYp6YeMy7vMKHp6j2c=","bKMKBG4gH4/bV6YUN/VPAqInd/JtL7pj0J30AaFPhfQ=","kIoeoQwJwWIwZteSv1Vxq+oCb9JiA0ciK3g7SEKwees=","fjRXzXPcSsylM9RsErv3neBHenMLqVbAimTwNcie7q4=","bSmdO/bmtPLAhiDCjI+qI8LtGITEJYWdwYE2PrTWAkA=","hO6V9P+6L+iPdtkIyRunCFU+S9z8YVPVA9BqgIUpkS0=","X5LfWPPSDi9VmnfKzpx/nYEbXw/XH9AeNWbW6Y6JGV4=","SGiBtDz9j+wJ4zlRqBAD+s5bw4VOQDXx63TzBAmkZo0=","vMsmh5kiACEMWlDAg5j7AQTOobMNo0u6sIVH2zXeyhs=","QIslZspfQ1zaDo/Ry6ZesZqW75FemTJyKgp8Mh5tHFY=","k+vaX/P9rYzN3HqdW3sonZGfa0thvkQn0qaLQoPHaj4=","5MsxYo+uTnAk1Gb9LI+0AVkGz22LUWVzKXQKS//vBHw=","K9OXxO0y/0SI8egVWD2VycksuB95i9ijWNdHm4A8IsY=","qkZ/ES5Lv6qUfL/FVgiVewfn3tnFZ0LERhUXrf08k38=","yFLD8HAmYMO5QLOfgkFe4RlIACo4xb3SeESYpK3YFcI=","pda5b02wwJ08vYPWlpXVRjjeS/WVEZtnxLGjsRoR9rQ=","NU3uKJAkDXzQwIp5DeDajrS3g1Oto9sCI0Pufpr3C30=","b0UBs4xxl5qAfAl+SxMYppsURxSYdeDxK/k3RUzXUPI=","qTKOA01QFCRPaQyWbLdSMTdLZwfFaUF1UBD1IE19MhE=","XkgTi60Nqz3COjg9hT48Fm+kMOaMY0YYZUz/lI8NFR8=","W8wDycfgz0/vhTb+fx8PnxTS1yX/CwGp4l+gMIeDO+A=","d1PxxFVgx8cao4L2abre64uxVDSI1OM6QE5jARkTpWc=","krl9vRLE+E0p4eTWOGFLJnhL17epjcloDg0XO8Lld1Y=","whMHOIGjqrf009cRfDcLLvXarP8p7Fmvv/pACTgKu4w=","zpozhZ1PpKlFFJtEbLHA6/3jq5MpSv6vfhsj84CHZE8=","er/BfJD0fWuR5Ao96riCBQqaHfynFzQhZg+OO2pTL/M=","/cYwBPAZ/6qohd1qCupErg4RlonS2zYRYkKGjByMWzE=","z+SY17cXd/Rzlssp45lSIsUDaGTcckL6i3r55S5wWuE=","Gy5Y+soAPmpYvm9i1T8Ef3s9iynQffof0L0uHYPAb8c=","LI2NwQi9wTOJlfwlSSb0dW4N0z0P32UzCUFJAwekmyQ=","ypo/z4L9qRsCxVXZjE2QcMuPMHsFhptTOSHQvwLDphE=","2MctwSKojP6XvwTItvz4CyE2K7RPDTClYHKNhucKP5I=","zkjVr6yZk5uzGuVxlX5LqNnijf6jtlLR5FBSKRQVdJw=","KEElLfYzBDOrtB83fyhcaSJnd2DYQ8/6wPfORD14dl0="],"block_size":4096,"path":"ThirdPartyIP/bower_components/angular/angular.min.js"},{"block_hashes":["qIbZF+v/gy+lTy0sVZqc3dSmnokoCf4z0g22NFVwbdM=","vMXOjzgDicIQfpt+w0NNktLVS5fPXqyycZkhrDQ3wrQ=","XmerHazhwWwNBREG2aLFYcnFPMKKHqREC7QC0XaE+zI=","fLtU9uBERs1hRZE0PUeWv4FTXaypvzqUDgJ/V6C7auQ=","oqcXBjPRiOxxlCdWSqh8tHKiqRVdukL286zJjYLowPU=","1SSjr6BNl3Mf/VYZz2hBVfg1Qn4+w+yI+zdk4DCGgVY=","/o3L50Ll2Q8wqNeYs4ajiFBwckz6mMsm33DN0P146aQ=","iITcHG1FwiaOe+AA2Hb+fDrerCjxfG7h1EdDwn4lnQU=","m2aXwUbolFB08vSSpyq4O/WQ1o3DDqgQdeHaEXMQ4p8=","EPYZt0SMytTGXKOZ1XrPC7xuT6tqX2UM6rZ5zTkyPyY=","o5AgPd0KzpTVOg+nTHh0L9FfcVn5E1/RDYWl34BWpKs=","UjaIlAn42w3tGbbD6Kbp1gPImKDiv1UrY09CtoqwsqY=","deizHSvCtqEeX45G9L7Koj9YvDLbCfTcux6JDU4RiU4=","WBFxWY8JmyHBy9N87yRYuhKMDr632sZSq3lnJ+wxp3M=","j0P25cmd97SjeGhAqzCmlMMmogduqI3ainbn4OMFPmo=","0WgsKJMbnJlEJTKQdMOH9sBPlJ327lLejL78u+pwA0E=","/g8HaEMGyIP6UDrkqKQ45z+S2Bbf5mY961SebCeL8CU=","j8AV+yoZ9d/Tvvpf4BJdJQRTWiue9pxS3zzPAJYue5Q=","264TiuOeMmX2P+MaI/45igiPLKttwOJCwCJuJi2EDG4=","WjlEoWoZoeJ4RvHLmqMlC9XR3cxvcrXlp3rxDugEhpU=","zUf1InlNKMXe16EHyRo1KzgfvZcAouKClhWY3eYlB5g=","+g5Xcoa6KhdY4+ue92GqGISFw23HLs8saGuy41OOyxM=","TIz/Pj2PVPtNjOF+TgIFpIbh9unn1C/uentswtl2tHQ=","LZcJPdIswWf/qk2wcxMNK9h9oXsvh717t6wtF7SKMxc="],"block_size":4096,"path":"ThirdPartyIP/bower_components/jquery/jquery.min.js"},{"block_hashes":["/sACYHET94Dyp6s1+IgJQyUaSgbT59XQt71JNqag5kY="],"block_size":4096,"path":"ThirdPartyIP/bower_components/jquery/speed/benchmarker.css"},{"block_hashes":["UuAinBm9RqumqKA4Hbo3vT2iCLkqX9EVzhSXP9Lqdck="],"block_size":4096,"path":"ThirdPartyIP/bower_components/jquery/test/data/testsuite.css"},{"block_hashes":["JH9X/CPfzLZp6+uaIeIVjDCmHkibWHHxtqlaxvRh3HY=","rALg6tLhAgAZtpHM4ppfa6qjh3ZgnZczWULD54f34Vg=","eM3Fia5JJOG5JuUrKEbWqIv9oGYHNwzvAE0r9gngawI=","OedC76iGfiRiWHO59aLzQ7ajuu8aCkT7RgHBjy/M7Dc=","x+X6T5jder0vu7Ll0HCI2Z2q5+xZZNZZTSf6J2lyewA=","TYk2kAwxThmO3MZIqIm1kMNgEE4ytc6MsuA+FO0+qZg=","AiKZ1KGYHE4Pk93rT0m9mvuvmXOfYITcXIIuwTSRyNo=","BIiJxB/dLYqyasl7svYdwhV0tkNcjubnjAK5AVRkiTY=","CmZf6c70YZwCM95x/CLReG6G3v3sFGXLMP0xs18bl3g=","qTJWzXJ/yrvDAB2Bklb8BEEug8wlACbAEWzcgfaPguM=","XEzTfIZ0lbfoTp046eGc3Tf5Gf4+9dBR9iaNOhIWzkg=","bij6Wx0Fkk5IudaFRLPadhofSHvnzUqXerlzU0jMP1M=","vRu7f8z0W1mqKcR30tigU6RnBHy37EZQJZkpxN6lpcQ=","vgVIlhDNJX0u1U/dcN1UW3JEmgEAvYWyMsdDNW6T+zo=","oWnkfvTTTtcZY//5IJhpz/qodAG6a/DMeBcHW2y0LvM=","zCQLT/PPPBkHRnQiSyWElqfu5v4ze8xPwdGVwCQuKbY=","YRPliVG6Ie5GSpquQ9KdpDbZV0L7cKPBMK83ofBWz4E=","Sx2GRaew4G+o+ypxCnMT3Q62bes4XyxE6x6vO+McoXg=","6vG/xZmSFdwb2qOlfNQXT081PyHER1t3NmOW/YbgfeY=","EZg/p2K2Pt3oxZPsxn6GTEENzym2UmYpa5lRkv/0OUQ=","rO7liiJR3mM7FB37/XzzJaMbpaZjbTBwMoncE29LrNE=","bMZ1lNZTa4jhIf1jyHeW9Tg70HXnchEwiOoh4cR9Bn0=","2W9YwhnGNifm5jSu/E1627QU/fhxHWaR1J5GCHaC/J8=","lsuDnisyq4OflNOp5OaHDVPHe/3GcA91FmzpKZQ55Bg=","ZPLfnofARhDrkTwxiH6HVgwIhyYP37f9XBjI1V50SxI=","4w2371BCbeXHDG91Mjg124qF15ZPqHXSOB4Kk2Ov5WI=","K+M9D8z7/R6B/cGdovJP9VPdN8xqlAc932Sk8n1Bl8w=","eedhtKij2WIQbfBUjaTdhO/mOo8ytk2PYL92B1Th2Jk=","qyQIZaZGl7srAOXhRpcX+aww0FfuIbBs1JtPguf8QKc=","OTe7/N1veRCL8rW962EtTwG8bcFvPACbAdlFGzP2NWM=","BfZCFGCT1PWgA7epxjKmKfrcAxImjC/44Dcl9SJxok0=","BP8oxQ8CZ4t+gLk12VzoUO7DGPSsvpwrza9PUmlk8Eo=","AFlbBOCDbfVj1cUQgg2sThVKfTRGxhno/Y2KYaYS6so=","48u7emchrQD2gYhWu9ynRsU9rM8PB0pXzQjzMepaewY=","oUiVtA5IHCrl34SZHGKmiVlEMNXnpeiL9tMCu9rjB6o=","hI7CpEURIQtdkVLYipNYdfhY1zoU2ZlQUgV5pBAaEB0=","Vh8lCnfSMoyBYFGQ9PORBgFEvOoeEmvw47CvE6Zt2/E=","2QLJ+hxOaFM0vsM43PFC1rEOmLoxiaZHEhHv88UcZug=","QudEuxu9LFwGqBpc1b4RU6qhMYdVAEYtmixowJDkeWg=","i57Omic9rzZq+t8K8VR/qArpaZAhs6QQqoQ8tLYYz2I=","gbQZNKCY7dUnyZdmkovr/MO2E3sazEZm4MxvQdE0F8Y=","9V7bIdBN7o/oihscqo1cHZtDkUTNVTFmgYI997stllI=","dKY7Qn4n2+myD12pd2h9vD68naz3xNzXT6V1Hw+i8AQ=","OS5+duMaKZeLS5oM4su9f4FyusnFCeX1xwl3L4+FVGc=","OTppsNdZTwppDO4RKVXka6Wb0oefqcx7lRREmsOFjgk=","Lsz/yMolEK/No1yPZdqPg7J5GcOFVrvHJqI+EG1CxXA=","c/oFZidC6ZpT7/tRt4wvv2Mm3baOJGt9TKQGBNjHzXg=","wE0BDUBPRZ60xFY8yVh/XMvuG+Vu5vxrxcERmm4THcI=","aLUsPDMZOOm2kWYQZLq53Dztx0SA8PqdzTZztAxnz1g=","NggNUr0MGDGidjaXxktG459OBNDJ+LxVF7omhyQr8tQ=","hiiesMp2wafnp1prkqztePx/cxj7Plro7xJE2+ZIVR4=","3JwK/+wTvDfDgOKh8m/DCnD8t7+E7BInetB8JyIF26U=","Zm7KLkirubvQfkUyGWss7B0w82Iu/ecHFZDMxoH8RNs=","jpG2CC+QTN4zLX3nNsKHQbT+HTPZjEfNo+l2kCgw9nc=","oOOqf487tLINKpmdeedaXntvLKrtTwxWIIp0Z1HH9tE=","66PV2MH+jbgogOALmH6jB0TAp9r6HjNkLe9Z2Pq4y0w=","lEr6E1Lv5gLF+WUsNtCq8Ux5ITLw35vZCoQLq917BiQ=","rdL3fGskMYfgckhJW1aQU39hvXbsWQQzypJ4xPmcZ8g=","l8Udtf0UqbC5taclhehfnZkiWrgxvs9AJs1CSi8yJkc=","Nvae7IylcIJ4bodb7mLeCdXOPrHAbd6KL9iLTPu35GQ=","0FpTxtK/4AeSjXsoQyRUySCFh/1ItfrCdgbmJbEJ6R4="],"block_size":4096,"path":"ThirdPartyIP/bower_components/office-ui-fabric-core/dist/css/fabric-7.1.0.scoped.css"},{"block_hashes":["fqKmyvk1vcGonl1zPTjYBVOznyf/IwnJeZN2vc/WKx8=","f+NDZ2kz5fwXP1W5PJWPkk6I12JW0DOlOfxSEoXx/uM=","Hb0g0GTlQI6CrQlDbY0CMPnh0E867l0Xy/w1GjHmEJQ=","Qj9VEsPam/COtNvDCQGjNl/SoCWSJKeP8Wcwk2EaQsw=","L3S2PzHK9enZEHC0EzkybZvoAvdxTRR9RQfuNEU/zW4=","zpDm3ePWyKzG/gxKRLd0P7oMuKPmks7xsJKOvn3o8q0=","F5+7nx0UapJKds5eqPGjkBWIOkXMEicKpYTyYTHOubs=","BsPlxdrBlRq90SzNO3NjBKaXlv9CKdKnfjbunwoAz+I=","cu/y4SR+nLpZBsaQp4Kt5OGG3PNJD/bhxwvPXkcsBI0=","/k888VoDVZ+pj8iTN2l1lPe7nolcy44KtI7KItt1wA4=","FbTXkpbOeKUHjIR+gq9hwW537y+WqxjRa4tHlGPB+sw=","6eoQi3TP/DanjofotDc3dOeCfnPBBivrjrd43w4XTgA=","Pto7xM/e/jn4jXZxE4meyh0n+8JBNUNIr4Fx8DNnD0k=","zhcUSxdClUVgTtSqyoFAFBj9sthik5UELmciJjpdI8w=","aZNTNwc0nL0LEYaGYdpDHABgarpEDE6igBNZyfUNils=","UhnSbmLOKI6ThcpYh4wlHOPhMeOBzf0zykraGIqVuJQ=","J2Pb5dnFvsq8v1avgfWp/9MKEU8PYv3V+tRl+4qFoCw=","kfLTXK6xMjeegA1ovHp9YQuCoF+CvEjcLdQdaseDfrE=","RhVfWcCU5gxfWkwkVrMiKaRsVeyxFXUh0isgKmGl4EU=","/a95MHIvc3EflA72TI173QUU8/GZ7+AN7ptjsjauqQo=","gph60X0bWk8MzOv5QYsME7QrpASk8DTW6VSAacMeFQY=","K1fMB5775RV23iIUrNMhLqNm6tFlWeKttbLAaLQkxz4=","lZQvpLDd6d/+Ilw3bngS5JwaQsJjNXPvMDrPMpl53g0=","eM5pWVlW2OlF9F81FPe945V6lgWpmhGR5d6Mof7NP9w=","njfp6ORQp+Ssd5IiiokKtgQd9wYuGxLq9WNTUw/a6Mo=","wCOoh1AmRFo+SMTAztp0GThMAi0EbRsBfu15eoxxyrA=","DzTx3lGX5kNKYdWwzkXgEQAQrdOd9bwv5uUOYwUlz54=","Mf/DYzuRnXD8VizpdtkmQYG9V8Gz8Rym2FDwIufm5uQ=","ejKtVjHPG8SxPLPI1cB/qDHJx2Eq90ZeUHr7kyXTP88=","GCe6TcstghF7u87XvBerOapVuCLY56Tb0axQZFQYi/o=","x3fy7opVkgroFvKU8ipwDHoHv//5pIyyB2mCaxs9ZVM=","F274Lj8zuD5nahghNTDnRNj+gj9jmBcrnri66927Etg=","3JdU8VJ5cX2WHjR7t4E1yO2PDCXdkeZ8r6aguB5oLN4=","UpSUQ3udn/iNSApD6kjrXqB9FLPOI+DIVz6NKhWLcyE=","FbT0jw9/bE+9gycRwojwMJ98/bD7e+Vbd3zlRlIHoXY=","wu+udhauuEALkqug+AEsmQ8tL85JdlxgLjWzhiULb0E=","ymTIqcu+9uHyVsoYQCHzLuS4K2qsPW84GOosy+rPM6k=","xZDAZH7nJwnBPUvrzlyvxsQpW9DSsDxGUw3bIxyDi6I=","GboParVA5Tu3Z4VwmJ+le7fqy/yKMDFOd65CsfTxbjU=","g0j+iPXcAa4Kjml0vJvYOINLrnGB99qM+fWmAV7ymhA=","5QP4SnkBJXg7V9bJMY3BzAwQh0wkFFGSETFmEtrJaPw=","Fdy50N6e9gEt5ZFzOoUQYqI7wIi7lIFMv1YeyZO2yA0=","NinwgfVmul6HcqY/1ej2sWVe8cRdrWEUYs5ZG/hdWyY=","fs+9kXzz88Hj7S8EAtef5bDq07AcUEJf4Zdr/zcOjIE=","d3HroFzWdBL3bpjca/P1cZiH8g4dPB1GuxTM+mL9624=","qDqeJL8cEG2vfeBjiOAQSOEVONVtaUjs4GYyp3sMAZs=","yFw/pTI+dzRd006nt6GNdbsFnuvcnlq4JmPTQqhsNHc=","liD8AYukuCNmWTKK7te0B65fz9x4lpSeuY8t18s2AVU=","NuFJurhxk1Rbd5iVh7zeQUziJJo0vh/Yn7eK1NfoFuM=","jg+zj9AxHCqfM77gT35tgKWUVFL8UrQvrHlTKjr28AE=","Pk1iGU0o0iT/1CFyJ8DDyAV/HvMFjbsvZKoAI+LZu30=","XW8xrGMDO5E4pYY3HBA5czJ3egDWLMud7z4xwlQbrp4=","MJDCo06nPWC3BxCV8gckB9FLFTvGtD1O2mdM8a85OZc=","Wr/AYkV5gHewwx1YDcLIKNO8dymYcH4bRMSZLi5/P1o="],"block_size":4096,"path":"ThirdPartyIP/bower_components/office-ui-fabric-core/dist/css/fabric-7.1.0.scoped.min.css"},{"block_hashes":["YLx86Ku73H4+VcsNP7S6UWheIQdC8yL1YiHA3MxhGK8=","Q0Hr7c/goGstIlciceosBY1yQgVflxFcj8KDamQJE1g=","rmdHWVa+3bE3D9BIEkQMhkToJnjEddwEGuHWTd5G0HI=","NoH5tyuZolzkMbydqomCBCxRYurm8jlFkf4AwSFOHLI=","UMg8vzW7AupDRvNV/mYb7OJ1XemqC3aO5hfnYVTqy9g=","eK6mvUnSklzISM6+P4LSFnVJq8h/nWJsEC/BnkL0F7A=","L0m2FPYLiSzFClFMtLqGAOkbDPn/A2TwVP6MkT4eHgg=","p3+iO3wMXfyjdJh8GZWSF+Irh6upMrWH55Wmc1PiNSQ=","vpKQCKJs69xbMch3/BBUlBhdK282rAK46HfCfWidAdY=","gkODVa7gSGo4GSNtM5S/qrYg6XOlZaLjTsuCSEPH2nE=","4Vf23jqpKZlDO9pyN9yM32ya4OhLcS6soyk3E1fui0c=","738YVbVjRptCPu0FAQ+98ZpVXvoPqcCJ3bPmeXxMCZU=","7nvoNGBkWzDrSvDlNB4zsDelDCMY+pMH+1CimC4g0zo=","De5up5dTYArYyzJdZbSAlwR2TnSylvsF9Vh1EgCnN9s=","htWh6q6Ke43Snwze1Gfqtfu2goqunzJpo1vu0tTGj+0=","SBPKxWb6HPYm24/D6M1XCKJf62Jg0X/OmafNwUUtFJQ=","rV/U1seD5a62g/NYjyQ61SkRw3RtLQzPX7DUBvGpJTk=","VUmhzLiFrqfmAI6qRp5876oiwNanBX/ljKf0iy2KbjM=","xiBGDv/CfjTHKkO0a4zov8mhtDrZb0nGztAxyf9GDEo=","HaJhAW/p3ZEBoq0qPFAT3pfhOJ822blSdiBtAsZH7eM=","aprw/tf+2ViH9J1PFPWHninm3JuSB/F9T8GMZOhU2ZU=","poDQYr9tCNYx5sJiBF2IFotvca5frIatUQGDzYq7Xy8=","0TYBHEPFdTCmN67s3O3PRUKD/3R1+WLUzWZZRtXtVWM=","hBszizTJlUl4Md6rNhg8ZvRuS5ml0vmrX4jDRnmK0nI=","EpDjLvdJ82X7/ouSyihfcj+6anS4rVxRlMBBL+ctrl4=","iLaChVOc9nqGAcqACP7MCHwosjerfavIu7ZjJE77jo8=","GJsyz3XFTtYBE8XRtHMRHWnJSzXKLI4tvF1X7kFyYW0=","3ktNSYGbskznu93kLdCJl8V+PDJ91QI2G7i6aKCltvo=","4BUkD0Z+BvdkF3wChXbSgvzRYHhHNY6zK5+pWldzH14=","DT8mdzOsKWDkG5lPUMnxnmX8erSQoPjGq89M2tFuHpw=","MEvTIGgcZ2SIxVlbpIa/DeUwmxjMXSSXTrTnIz0UCB4=","bUJYnVQlBud27S5UoanRAUGUzmE6c4qVynBRzOJx4XQ=","IJ5cBPiDdMied/RvBCgYuEwFy98hVmRkbNWPJXqIW/4=","P0+5XKhXYvp7jW3DbIE3GwWMHDUMAZMzdGKlA6sCCIg=","3Y8bK05N5T7lk6JtIBIN15Sgw3velTV41EizqjVrHl4=","t418kuIpui10y0Sp67gLVSTtOhLEhzjwXzgJ0aKd7Y4=","byOttlATrQtGOG+CugvVq2AeNFNzhwfGLF6wxg8wwZQ=","Yh4pZGmxgQGWFjgbBVEr3vAAuloeKKl33oEufF7knM4=","fKh4ohKDUV+ftxMVf0cUptU51fTu77RpnLyf2woircU=","CglOAUyxP2lqIYkbA44dAVfoJ3Uf0B5Kb75K8CtcZ24=","+HywaOq4SvxfUteiUiTsvMQkordktTMWADtgczVAaLQ=","VwFY3sGs7WMELQmccb6ArLD/xRofiQAg5B7KBvxI6N0=","JO+DbQWMpSZJiQGWCEqVDhMOtZGWps/iFAqpoVHEWBI=","2hWrZI7GbF7rcDikDsSJuf1er7HHcz9R63yYUdJyPMA=","/y/WKn51b+1r25alBFcZX+IT+ac47X3LgXwZ2WD7nac=","wUyhbFlWueFqBqRgi1xm7FeqQA4IbEmS6SW933UW4m0=","zR1ERtZUWp0JnMyUUZD++mqBIDFSKMU/K8DMKGwvE54=","XEXq5uBWT+sn+GzYS4njCwo7yt7tcRGBSU22cxpp354=","daPvqDOBWQSLRNb3SFFxeJtyrd8VEGp533BS7BU1MmQ=","Pt7QCrbZT4mu88HLrWREhvm3+vKfvg01u+Gn19lmQY8="],"block_size":4096,"path":"ThirdPartyIP/bower_components/office-ui-fabric-core/dist/css/fabric.css"},{"block_hashes":["ck7Gi2dZxATGORthN4XrhixTC4gVjNAYqZLaMNkRXLY=","cHyfxVafdDdPUGNWIr9BNFLne7ACCqhHtWAXIIZacos=","GwHNjgjyB99tKE8dGoapgrPS3LiuiZGG2h6gTpIdPHw=","UUZI+xYpjK19kzP9DcMvHNx3ve3BXf/9SxlVTgdO7EA=","Ict7IyKIFVYP9jq5LkcbCVwbQMQDr0qsg4anAfBOWJo=","aFW+I8wE9sqztPRu1cFqUztsFmwtyMzzdkR6tz9G5g8=","6Xz6taqZiE5PPk61D4N6e5BpH2JCDjP0Q1pQ2YFxgV4=","zcTrPMiyZcObXYq+3UaNhVGBGtGQx1XH2lZuef9ShFg=","jw54ynI0AuMqALFaI5Z0NpPQVqNkQh0dL2A2cRDQPEo=","x1XcQjb6KluJnU3cCcFIOPaD4x2cm+i0MEplMFOersE=","O5lvYahRDTNU/jaqPbOlFoq6T+1pvITjFYZaMmtU3+o=","ZcwgNvVaCOyKoxh0RFFZ0olc8uhIG/dL4Ly0S4Es+1M=","tRf4as5DNE7DHVVPWQIfmrB7Ar1Ac9D+J0W/M/JWE9M=","lVu88tqv95LhfcwW02Bvo9VfEsEvXTQwNYlMPTCDFL4=","rKBdn4I9mlk/4yHtrIJsBqKqauaakYu1K3dVQKBT8v4=","3Gx7GyW4qFwaGb4lXJAnlbBuG4xN738Yeda0WOp26YI=","qTjYXop4GomVfZcgs9vJj4x60ybo8qVLJVLXtqMeSZk=","xMQ3hRv1C6g7c9rVRQiX3Lux5ZLKdD/8+Zg2u9aYjO4=","7ybrfM+52V0c/1vxz5jBoT9DflE78RUFX9g8F4WOToY=","q2j4VeUlQ+WtfzaKDNelwirF5Jmk5/IhyGBgXvkcQRY=","ZN18dfpSJ6pL+UtzefmkIq0Jbi/aB1eh4So0dgk5TV0=","xt3FFzN9FVZv38XLx63py4+nkcl+2Zq3BoTBGWdnTbc=","3HwVwIEtfWASZ2fFAi9p5mIVrFoqr9255q+p0n6wOlY=","XQ1Pn6q9BK1EaiQigioAhd0vWO2xvKJQStIyOLjCLd8=","U13kKgRDiVOiItIFj1ZOxtUdrImZwD1MsjIFEPO73Fs=","lSSBaCP4xYG/Yir3kpZCSHYu/bpd+QmnSsJt25R1Cwk=","XJ0d3JxPU9W6uYjsSp6bxk/YMaROA4rUvpCitQ4pYjk=","iLBJR8TQeq+j9YRqlN1jMQ+WyOM/wB0SyPiC62jtlT0=","WiP31TJxCVm+0Q+U1l5SbSq2snudgy1vuyyXNHytXg8=","rWopaJhrHNjPoBg2XJA7kOvOIPQGSvhPT9Z305W8jiM=","8SvSG21f4WQ2MSQXuBymhiH5k7WtpT//RmBPzTIcneY=","w8f+Nu6TwVCX78yIOsdE9cDCdtatSaWEy+YMaKV6fyI=","u7HRHyW2qXRCIGlAasKKnGOB29S2hJ1K0isXXo+1uVE=","AgAJpxg3JMzk5jZJbK4W1D0vlzSNp8ChnBCmhEz2zQU=","wVI5Kbafs5bcRqlgDgofFHxLil6fWGNhqDoswPQM3hM=","jP83tl/Z14JZMe8V+pItkz4jOaf+2JoKHVqrueG+sw4=","StktmpfSWkfkruPTsK7lJ10d1Qp/7EQqyIxXdLLA0Js=","658ECua6RU3UjzKiGxGIJ/AF0hLrVCaEvu24ZMhqkCQ=","aStbNt//uPPJkFu4uBFCdxfkh+d7/kCwpQba610AXYs=","sO0F03ZPvCWyJlgz4TGYrewMH/fXFZt3IsPuqXXg6Zg=","wSXjXSPh9y3o9Hfr+H0yvY64hLyreRSVaX9S3aHCTZ4=","7bPIdp1DqzZw2VpiIrHLSWe5W59KN+QUfYYCd0Ti0Uw=","o74LqaTfOJhDfzBxlcAR4wqT89wAU2FCtLmTtmdBhBM="],"block_size":4096,"path":"ThirdPartyIP/bower_components/office-ui-fabric-core/dist/css/fabric.min.css"},{"block_hashes":["k/40faGO7GD/LpyPlzdd2RCgQfh8MZs+Rxw7NDJ4EdY=","xplZPEBu/lU+pPIGCN7qY+f8r6uOgqc3YByUkzYhFQY=","pRMYtqjzdic3+ZzQsrdXHXfqyrlp4y7AIeiD2/Ieo0E=","KP5SjrjmAZi9+OwuAg7/mERzfc7T9TEAp2BXwhBDjvQ=","nIhB1M4BZPa9XfpiSMFXJxOvJwEyc3bRVusIX5Uciak=","kiDWQKC3PT/W85sNaUh1XLF+08EAONR5oommh2nDACM=","2nUnr+LVAHMmRfW/Rom5rAfzmZ1V13SAM022Irscm34=","c4L5+U629adBkBDyYxZwOQ0qrDcFEE89yrCF7oljQTk=","k/tdO4Jso9hC/gDWchETzVCvQ16XGq2BN6GL2FnQ9Wg=","soAho0+DsLY+HRu0UwnPsQ9M/w8uargnClRRdPWhDUY=","coE2kwAnRUGOP0m3Xx8W0+cX1IxgFEvPli6iI0K22js=","T2hr1ikS9UlZ/EznrnpYwWkEmg6mUt+emYQ8VbxdEzw=","z1SbDqiZVEwg1L59YRToT83yeHy54ojDoTwOpHCN6zA=","Sm6gsJCMMZyfNyM/SVv7ej8rAqnU5XobCeoBgL0MF/c=","829UxbgmbfHKUfBVrru6LsShIYcIGls9wOxBiESkbQc=","N5nwqdjcP+4YtCdiAavaQ9DfNp75hx+F9M9TJrFHSMY=","JUwT4F7MS0m3rSwYD7KflVNi2R6kSXXA7IFDINcX+uo=","ZVpRdF1wr5Axy6fKad0ahBWH7Q45L+bQfGWbsqgMfcQ=","f91YyLZTtM5oPum5bsqGQvaV+zxPf0HqWvPdp3+hO34=","e68PXafJZbsx7fHFh45oBnpAH7zIRM3bLGQGc4R+qDQ=","le40jkluuGIhha2EUFAC8+uDY5Wi+1NzvctwuVy9El8=","0d7eATTy5SbAo6qvdGtgdJCstZXQkLpDp8ztAY3c01Y=","E+G7zMFXG8OLdQxi+YFmnSg6XHTTlsJWv1R8KHEOqxU=","GXotvYUtAe2Fd+Nhu1+Aja41qdPWOpI9YAseUKuMoRk=","31PYfjK+VCEs4G7iNhHxYV4SdM3HRCi1Dia1DnaJHOw=","wa2SHWO0/x/ND1SoOLSh+qPLAK5gJhZAaY/EfM2uR0s=","ixiYn/XEntg793jaeaLK1k4Bv+vfTzq0hHo32QGxuqg=","ZvqaJKap8Pj67K5KAiWMukMoZHkDACjIbCX0MgUsITk=","uTv9i+GWHfQdq5dhBzv527Cd+7zwdde4RCnpMtdHZds=","R2vlHQVGB9Oi9f1+eUu6mfzFYgEBCR7gSAZ+6QN/Aio=","e3yQMtpvioi/rLRru6SBqtkTkVX6z4SfAqZuImrlYiI=","Rxa1BrzsSNfdm1qrAYCBG1SThMGmspjcgHxow/ZZTm4=","XyVyRy0jd5T1SsDvaycINsS7QoJ6M4JeX89NektGQ/I=","S/7636bEtKTvNdYAq5YbkSf3u7/J9IrqVpTxrtV/MHU=","7H7gA6RoWYxhx8ZC4Uhye3af89E5ycwVhvq3lwvHihQ=","LVFNdBiWCdp6b0fz0d/gNsNVHE8qfiFLZjFxmX7LWn4=","k5+nf1+vFp5QSt/PRrraLMi6K3qgOinA6QksNrUoHPc=","T2QpkMK6dwYB4hKQDvNAwhtldz9MNcIQHO3RB2XD9AA=","HHqZAWb+hfVKjpox/ncTFUG2Sxfk6QW0X0omZwQEp7M=","Hb8bLaxgM4IJst15vLfhjus1HGn//ze3bnjtjUMuRpI=","D99b/mbd6RAH6l2/YpndFvWCZzT9ea/J2o/egEQCmTY=","DQ/o270jAPTCUWy6aMNaaWimNPlWrTw4iqugsH9rWJs=","fnL/aMfx/YtploKWjyKQhcYmrbWU+p29QsETKY8i6G4=","wKHrTeSSrvx5bZKAlBxRLpDMrJAnpRY0/kn04cko2mg=","NkFUYr0HFnb+J2ChFV1nIVRZ6zB4RuO1zEaZAk7KCGA=","nKh3D0b2BcXV4CwA3hxjZgoDVdbklnzAleQjTmGGBzA=","nJ62KeV5haeCE9kUppwReLdaqA7Fs5ESmBuOlcqKhWE=","y63UjQ6P7CeyybRcf7EC5hIbvW7Zd6rYbMar0yZXKn0=","M6QOGARp5bkvFe6yDQcm/GDTCUWWAbj4PBpF7eCf7bo=","8V18PMYHu+mHYEcKUUpkrXDCmNE8tlFG5KqPCn+VkSo=","O1IfXivUqYk6SECn0BP1fdMw53oRueGAwjHz8UpwjmY=","nQ3wwlow3HiT/MhJYxupTW7GCZy5IWo/A6kuDelOgdo=","cF2fw986MhyO01fG+dBcmpj3IpLoNIpF06XBny2ICz0="],"block_size":4096,"path":"ThirdPartyIP/bower_components/office-ui-fabric-core/dist/css/fabric.rtl.css"},{"block_hashes":["HBI1O/3E88RJaTI0u/2iJgHXvDJ5xkQkLeR7cc5y1y4=","Xpi8STNSHefhJuBIU2qvx8ZJ3MaYvgopoB82btkvw/o=","KsnhaDGLMonfNc/C7Mphtksfkc2AhnVOTyfnlcpA9+o=","7/OWI/pUpTc0/nG7U3KfCgVezl4AwY09TpopwDvhVtA=","/BWZsTXDX7k5QlDzppgQC0KURZl7UgV1n7mV57lf93Y=","PGcai+Os7gLcoXccrlbOl7FbZvVpI6shGeqE6ZK5tJ8=","FZAUZBvKwPwYuvHXCPKwBDZBa8UWSUvJdnzrwLFA8Ok=","Aoqa01+RCT3vM2SaRKqdZ8htAnZGsndD8uDLGp1n73o=","3wSRjZFfjXTGmlJ49EOsWjgDGkeDi5/o3y85dbP5E8Q=","qZXmnJvSIFaCbL1eY9oES1agkMfMCs3sd0qbxt/Ss6E=","8vIEjxo3AoaqC3ttdqKMwWRh1qN0vs75rL/NdOX/WVM=","wi6KR58OlLzCUgigsikN9jtfmUEHucVazUleXKBIGsc=","kPag2g52L2FnnJosB1XbIPebaoFDiv02CB20Q0NgEKA=","cpeDtP/FUz9ZL5pdaANYnTUbrATWdeTy9oKYMQ69XfA=","8/7XfmIMVqQe9C5mh/NXVRir1zO1PtVSM78l/Ft7AqA=","OMI1eE4lYgfrytj5E1sF8s+GT4nfTT0VfhIpP/Qwwpk=","Nz0cXHsuzQMl4c9Ztwv7vkZ7JWnRyeuqNWrciKxpsyM=","Yiph3zkxnpeC0TmVoYrLREETz7d59nFYbaLH30M+lRw=","aDUnTKLFiL3WBhxb30JJ0FaOA+Qv+AEgWc5hdsB7t4U=","k8N03vXB2Tebr+4/v+69Y7R2oFwM/Cl5TWabU1O+mo0=","TxT7dxbKjJ4uiae9bkxQYBYuAUKrNAcjqJI/LqSV1Kw=","EDPpgx307qBklvugo5n3tlzlQIahqygiMmyLgsxDJ8I=","QBOvLtV06QGVoFvTOiBp1IX/8r7J1ybm2dSdpX1dyAY=","4D2brvEPPa4txWU4O+v+/MjR5yoMuAqSZQF2GLjvYus=","3LDYswylMH4IG89yLurE8sxC0pBBVgAO9aoaK7Se8yk=","5UjGImmaz5kfrqTBBc6hY++Q4FMswjGM0++hTlSggUU=","4YLCISoNo/+LdQ/mNMKgwGDAuQzI7UP5kY0SV0g6txU=","awTmEj/LzwPTH0Oe+6agh9s0UkpTk56ODA276ax05Kw=","aXxK4crfbGRC8ptGZOXyJL5mxK0nhRtO6cBjc5M0Qvc=","1BR66u8efo34xgzorl66YfSNp4kZg/ncjFFZxVGgj4M=","IdKx6JUGVT8rnEFQ1YIsWAxcS5jzsiFejRubtf43w5U=","WX/M0gCFvhf5O3R0QWFChVLvYlLkY++IaKDxIvrjFCk=","Pgp8vrwVX7KCfSmNEyy1QJV8oRFPLDK9h4oZoGtnf3U=","o6+IlDNxKUUNnC8XZteZSMEBfYXPTkCHOfsBZO56QpE=","bPL8z0kiYvZxjGmihEhU/2uPlQeG+4oFLECkYMWiyMw=","9WuweuFeDtwVhrPJMSqPSAUMStkCKyeBsMsOVAvkZ7g=","pm0hu5YvNgbSYtlykoRtPPoZwxsiabAPbAWDaRaCH8U=","QzKWe3AtONLOAkt5Fw5/iuwQ4LcjJIvTpoMsIc44aZ4=","TkrkjCOldpIl/vMSQQHQckOYQK2DkdstSQYn7DyKsco=","4ZjeiiaA6mEpx3FcGf4B51Ir6sUUJTMCr32Vu0cEMH0=","GD6iiHJZjPTp/yHV6cRwZbkMjDwOIXY98Y3f5yjnBIM=","cx+FDS6k25pvv8jqMAnThlR+b5oWyV6As1zkkZ05zWw=","gOwm9NactB/uWU59qCenaJ8sdZqR+iIGiejp2YDEaaE=","DqGjxnVQdDVLOgLEcfRkSlLGL9z3FlaWrmiJ68/vIcA=","Gmab8oyr32BWCKJIE6Z8Dgy9DxLx6xpnGvKVDfpaZTc="],"block_size":4096,"path":"ThirdPartyIP/bower_components/office-ui-fabric-core/dist/css/fabric.rtl.min.css"},{"block_hashes":["sRqu6E0uAOr5yQNMXkaUULWw/xyR0gMGurzmb9cVkL4=","p9L3PGNwPmZ7BwN0u+b6TfrEkW15LAfTFE+PIg/vSxY=","AjdfWtsoSgFaEKFTkpnctWLZ6nhiiCz/fkuIOexjo4s=","JyEQJe2mmk0pGLEmU1aybUAdaNHhh3901ZeiDmag/ew=","Zocmyw6meAMPdFEFxOJiFRq/7F6WHgDFWYdqc/tkpjc="],"block_size":4096,"path":"ThirdPartyIP/bower_components/office-ui-fabric-core/dist/documentation/docs.min.css"},{"block_hashes":["HoLSui8M6yc+ZPVSA/PxGoIKbXOgclorJeH1tmE5r6M=","hnzfYEj6Ad9WLwgqcrnZgws++cH/ftn34pY2zsTXhvc=","jc1fXZoDldrDH1N30z7JQRkkwXXlo7mjG18zldr3Y4o=","kOzVxHzZBOx2kJ2PaejB4IlulHmElUHc5IKWym7sitU=","EsXDmEoSqXoF5dH5Qj+5g1Sa8Y8sper1ax78oGmITKc=","MMNijwE1kZEZtdtP00f1bNvUy6ChM6ytAG/cDRwBYfo=","AA7OutzzwRUZM0UAZ213XHS+Tv8SKc7Jgge4H1V92rQ=","F72GGJXdujhZp9dpKYo462yDxetmrCMJg1kUutmUDek=","Nv4C10Kv8QZTYfNBfFA0gbgup8z19j7p3+bufp3WI+c=","O/FQDKjcjq6mMdJ7vjtuXYdtnW/An4nd9P0ZKr3dmiE=","Mhl8bGtPPIsZwpfj0KvskmMAm3mPjiImgtlFZ28sXOY=","UK1tzW3RsYhQcWZgDvi/63NiskcvUBDB3ifBDMdLfww=","e3Q0sLDlOa6o+YWpVnG1Q5tK1pxUWTr38kkwcqlXaqg=","8wq/hUmFd0+068zC3iFoISONTa8hy/IJNojEviX40A4=","Dwgf088a91OekllbnyFiiauua8gbWtV/V3K6WFbNiug=","spz6CLqNPpA0DD+KxuuaDK/BHL90kusn8TfbBFAORCA=","tSFK2v7o0f4q0Sk6aDFCsfwwCzGw3mLQgDoXTVfuNgQ=","GFi+y9YIBgpcdF+JB8+fGQbT1i+Mx+ayJyVPQMC/7xE=","NHMFGK0ffnh123pa62e59u+gW6/RZIRP9Ith7GrkBqM=","NYCTK6az43Z8xKbGQ6vOl4mTToAUMRJQcOmC8XNRjKs=","USGsXHxsEQbCyehIDca7k2EUppGE9ssCVEsBpgoc6+k=","iqFEe1iGzhVjCbl3iZaj8p4XxTEegdibWkYiob7RCts=","plNehhY9hsK/3TFHsn3RlqqFw/BLRBCS5QKuW2JZgjc=","cR81L/NYG3Z1IytW6cb/YiUm0V+GPd3fbp3AlKMW5Y0=","70Ta3dpGZEUqcyz48b8V80rXVT1BpQW7xCvR1fP7K4Y=","BKmBrRqj1y9UwREHDaiv5WNl+tY79YBMR6M66LG12Uw=","WGIs9YRGPuFVVN5nE4wEemTOlBdmOP9esaAmvZo5ht0=","EnwHsJZJYO4j87SJKRDeRhufEF3x9V3nUjDxxmPGVmo=","vVtjT+MIjyf4yM8mr4bFS8Vn9vzUcdlAdrhhC2kK3Oo=","oW5jAzjdganYwFB2E4NsQWU8XRzsr57+FOdg7rcgJls=","yaS1+M5hL3c0mRRzgXPzwAefZtyQpSky/yBfdcu8o6U=","v0BmhIkcCm6DUVVY6QfF3Dh1m1rnOu/dQrlKwYgN8BM="],"block_size":4096,"path":"ThirdPartyIP/bower_components/office-ui-fabric-js/dist/css/fabric.components.css"},{"block_hashes":["g/a9gGXz61Qkx5KIo+AmcYpGpJhQgnGHUFDK/AYbTh4=","yAdeGrIwLRIKrLkrjwD4jTpWvThS8fksDVw37y+6nu8=","msXuP0r5PuVEW92TFRPsbAvry/3esbly4BWHlvxm2uc=","pCeO249PYhWnZcWIfmq9QYDGSDH2ANtJ6oYuItemSCU=","r+BR20eaux6fxdl2T8PIiYNaXO8lRUcaR+SZiXs/NvQ=","nE0G+2IKkng1RsS7FQCw+nHFV5iy+CcUOoIX0zJdBv4=","ib41X2Boi7NTUaWQnh5k2EZsyj0k9YSKROc1NYIO+wA=","0uB3skN0GdgPmv4BEdsTYAjoO6wyxlLbnYHGJHyFgDo=","xZtXfd6Ngn8vzMZGCu0KJoN0I5LXREFO3PHFdq34W3g=","EoQDpyOZbubptXvXTIJrqXd6wB+QwbecnM+sT+cpX40=","7iFPMAYRJmMS2MNKiAvpXvwA7UkTiiDXl/0vPJg77D8=","6zmrsy5nk7Zwu1cwE/97gToJwji9iJo2h+w6iz/qTGA=","lJQoGIQsOk3/TcMgY528MQmw///udb8gB2zYbCWXlU4=","H/7b5tRs7xsgFIjHud/TisOlUa2LK2pzNCzkyr3TtIk=","3p03wsqDjiPvVpmOvyEoecaNKSJkm8xZJQ0c6uvcJ6w=","qGDorMpfQFTnZhjXqhWnv/iuJkmOtPV1r/ZTYKc/fUE=","y0q8XD7nThV/K/HZf0nWdBCQMW6n1uyuA83GsyNc5qs=","x7qUw/kpUOWFvKbXdCvbzk2ak7pYyCfmXX+OjWdpo+A=","WEqOWBX+C+H1A9aSV0fG34LXcjir4utxYH1kWmofxPA=","pxDFpnk9NsDfGT4JQVclue1bHUAgMsf4nU2x5p9J05k=","F4iq+N+qVpG89w+kYRtpjlhnYzmurD7GXqhNS+JQe8Q=","9hU6X1RjIc6sv0+359ARNcvvGBlpdhrsQWmCITIa6d0=","STEbqBJXNyZ0IkTJNhrRzrTv0D2nmyef4pQgAecjGYw=","l4pUGEmLD7PSAEaU6prZm6EpqUL7L20tOefvxK3lMvs=","rWp463XMzsv4kWvwKXn59RfPuvXuoxh17/XxxvmLqVo=","M9BdWR/yAMv7AGGKency5Y/htxDNeZkhrDg2FFHi4jU="],"block_size":4096,"path":"ThirdPartyIP/bower_components/office-ui-fabric-js/dist/css/fabric.components.min.css"},{"block_hashes":["R9gL3h2RAtDL5cXAdVU12/eCBaptEBpF8FPJ3kzIupQ=","YvSmlBHReDJvbJ+XkXp0TLu+zgnoDuJaOARUkosPfMA=","hwTZvtuIOP5fsNREJx6cllRNjjXDWfwBV1InU6niN3U=","0Ck28ZEfE+B7yCQ9bMRoTX3IuYTAmhAMLBJ6USlXYYg=","kdEvzW2bgQVgE6Gj+8m9nqCU/cGiVQnHSUalJINxiL8=","dgg1FMxG0WybZlz3hjFZhw2zWJRFcldH9kvWyUQeiDs=","Wx3NMF+/8tc3vHx2dq4qi54OcABWMr4ZXkekJWjvuqA=","EqURKpSSrUDgNHIJ1hamQJddLVZIBigTPero8LtPZr4=","GMEE6zBdBanEJ6wixGlrtT/MHnj4+vWKKNnD1+v8JWc=","p0sNiV0ZHgBqLmY/n8bqdUGVnSaPLyEL3OJuiIYsbrU=","Axv069v/Q4cd8/3m61XCf11gja63reK7phWPqqwrpDg=","SqcpyGZLRjz6ld+ZSypucoAykeLuDznAgjsaAmauE/U=","CeXgfB5d0beLkB5bLwBMynElm0jsjVyma0oHY5qupDI=","N5QBFTkuPgMRlqjbeDpDfF7KzqX6/nFkW0puwphwR5Q=","c3pqm+ecLTyU6I5rYA52nRKDwNO2jxTA3Qx892tbMPM=","atqv3grhqsgw94ysniUiC/nHaeQ01YKQ8Hu2PIuR+W0=","7LwVCgEvkLKi1R/pZHJsJLE3fHB0PsACafe3qTJmx4A=","Nqh/Dh2l0W2rKONSRWyUrpvA6E0fTTzJUKNULBX7hvk=","teuCnA0RHWAEhvqzUIjFUHN+4c/gBY58sNlC/mio5C8=","fuJhcT0SCDbqRkh2vsZXL4E+QaOiTB7kOTurDF+vSsQ=","8uZD5HfSjLdMQvcHgaKfCcrc6OvAu/0ufMetcz4yhFY=","qdv8oURd0Y32YQWKrQviV7T8UKZqGa4iwtmTAOFm5/s=","WG5utpb9krKsGbS6OBSc3qRoFAXSAT3LAf9murnfbg4=","5acOfU/tevSFri6hHt74u5lPzzmoEg3Xrhzio6q2RWo=","rm0ZC/Pwuclfu/4QILXXWJ8A1iPsa/Tn7zFF3csZ5dY=","ahU+Odfmn91gfkrTXfYFTnsZ3mNc2Bb/o49EGYO9R3Q=","hNYkhoESDQ7UkAqKpNXaaBlxfb2KPC1Uiojw5NPoC+Q=","Nu9xXSU4smFralnVTs4qBde8bdKD/O1pG6AxREYtols=","cUpMiuo6AcmAlzp4JZpqm0nOo2zggQ9q1/KpnEG0iC4=","QM5xce0OEeF7jA5A36AcqJgWuwbEEvZujeJcEiiosWI=","MzfKUZgE0+FMf+/woV7q1geJikpJmXWXOkrEw9iq1J0="],"block_size":4096,"path":"ThirdPartyIP/bower_components/office-ui-fabric-js/dist/css/fabric.components.rtl.css"},{"block_hashes":["C4T//Frh4tJHoydvirDhCtFeitV4i369aoBkJWFz67g=","CiI94awGYeLqJdlYV7UshAXak5ic2ZoIziJVn/mOhXM=","KxxWFzMprQMjhINXpb5uophvmraUe/kBkr5/DURudwQ=","L+6h0AwRBod5O2kDJTMjoDfswWbCQ3r0v0IlYzavsEk=","eEOu/TzVK5hGnKn4cRvH4u3sAWc/mQrIQvmfwdI6HT8=","aBakA0AKTlCPzXaw81wRxGpTlcWkA8R9hxYopD2NcIw=","1+KNNHSwO3SUmFcQO3alkrehvskkL5jJuPlU7+Udq3M=","x/msWqf66r/H2A0FOkdTqfGoB5cSdiUbfm5aNCixlFM=","SHlFyyHr4x/NKtgvkiVIPnOjSa57tY2ipwplFkKwuEU=","MZ4XiqWoufvLRwK09eoKkMTK0woHtyhWic8Qel/lU4A=","jiiaJz1hoc60/s7DUPCVZr6+9c86qwn7qIKF5db8sX0=","GgzQ8itr3mhE7k0o3hK5D39e8yRi0hqnjggmbHgXCHE=","1N9dk1Q60SBr4hqDi0BouaYAQz4wU8upfHEglpCEols=","J/X9HIqxg1jepArFFl5/h4LnOX7lbA7DSpqPM7eG2cU=","x34QXFOl12hSnoSxJnthA05G0Y+XnDbACX+LjYtKEKs=","95eRjb+z3gRbQoUsdrMvYz8jFth8KNKf0D8hMCFQdTc=","LGnkfWhhSI7wToduv9B/QHgxZiAUO42pHt2ctZGbtbU=","eLOZ13oFVJxQhxQ5962q4RWhED41St/OxWYIiiRKnj4=","Be1ZJVrTtwqae2qjb7CAIo+yCOT2HTBSs9Zqq4uxOqE=","uZgFJLu8411gkxRIYo+npxp/U6J5wEV7H+yG4VBc1Mo=","Ey+JeJBIY65lgTk+6Bkc1ulgQsZySRu7kaxQqNDJxk0=","ODNSzTCsBZ+UiHnd3LtdY5dXhBfRGJW8rWiEqqFg2Ww=","2ReQW/HTUF2Ew07dlBYsP/2d5Jvb8dVY8HO83Qfrzjg=","MBpVvnn/6tO/2UkA/EaeEd/qkMefiSK5Fqdo/2CJB6s=","IB2astlm9CGjBofrWPaq/BOsqcaERleOck7LzjYiwQs=","OKT5mR0iWVJhm3UK6zOsOxd5H4hop0C2Y68Flbo0SLg="],"block_size":4096,"path":"ThirdPartyIP/bower_components/office-ui-fabric-js/dist/css/fabric.components.rtl.min.css"},{"block_hashes":["0HGinR6iLrg3XWR9XEErYoyz6w03xOS5vmMyyWfjXws=","3zgZrGciM8Lzub0hrLyR87KXvLada5CzqayVlActVAg=","mMtVpRJTHW4woxASVq5bh1d39sv+DKzQwZvnHi+nOGQ=","82C7ECal2Gkk8HHglRpvLpHNTALkwYw1VLRRdHm+9lk=","N/PfeYvjf7Qi+uBFHnSWwwcp1MYDkZzAX1uOtZlUimc=","5sCMHRg6t96OtEQSorWtrrtKxYpPn4OvQd2W1ZQKFNw=","ptGzgGtCeJcO2EFvI/3QsqyM3GMcRU/mccGxDMMa574=","rs1iYg5ANDF/B1JBu/qywCs0RM2DP1KsPGrD1wL161k=","H5umH06t6pde5yF5RC9oanvT3HzWYW4N8Yaq+rfWU9U=","e3yLwmC28f9M1HoGwbCYlM7xnztm/SvkU3aoYd6JInA=","AgFl0ic8GIaQw19TAMzR9+G3o4QqTxEUrhA3DBvpH4M=","Fd4wrIeWMyIbnOZV4IjcFXBVEgIxlVJeiOvJA1OnOfM=","drZQDXj8+V1fgrUGz3DXbk0wMJGaXjUZNKIx+LZI6Rg=","zbYUz77l66iJuvMoOqBs/JjxdQ/SAMJvgziJ/BOtk4Y=","Q2idEw1TgyzhQF1dfKi9eLH4XynxKUT2lNfGOTKd9a4=","/b/EuW80dNBJ2G7Xin9WD408ZOh7/E2kfT3TZfWl5y8=","U3a15NeTQuI8pAyBcSZnFuejRGdPEPdDD/WdxVZYyQw=","54y4YLs4Hh315W7LuUy1Zl6KB2IzqMd7qC768pPqRW4=","QyaiSq2aB77uiymT8N9vnlhagvFXXGEQsVr+9I1BKPE=","he4Iuo93Y3UPwm0lzgTc3e4gnByDVdGpEOwazH1oDAc=","x5slJRo2UaAOKwiH1jLULRGwql8QGuSQaY622gNYtrg=","7h6fWE/PfLZLrhBJfWBqv+qTKGpyei9bawuZ/PpnzhA=","as+Q8KEnahuIwsHtXMCiRei7p5WkXqeyOTAIjomFFb8=","I2qoa9/7nJsonPITuNgMJC5ukrEkiT7zQqMHVvUd4UY=","uSEPY2mlIi+mCtPho6k9Ifqh193bBZLqfY7xb95k94A=","uRHp4Cw8H7US6s568SWRYdtKWGcBZiLy+zfz//XIBYg=","DjT43++GzaREUgAYxksXHN2uAbuMldH/mHuFDajweBg=","dIwZKtFhtjxCS5uH7Z/NE3WawS3fZRnNhZwNmKqIJSo=","mj9dcGwpSxYmg9ZmqxTZ9s1iL43UmxClq/++1b1o+zs=","nI5eN1VWdrXBPCnylsqPYu1rtgaMKPaYv9hay4yq5ZE=","aK98VMxvki7RTS745KRCC1mnMA+QjkgquTsYfEVvTLQ=","nYF9DxHJFTIaA/CKggjWM7uF5vj2lD9rYxMPh3fH/Wc=","M4rfSwuMtHPRJex67bUhVksJJGGTVQ9FusPsKDspFvw=","rIkEq5C68/Jo6MqIdAkBzBY+hNg0ZxTmFBkX6bsch4Y=","xdx3Plta5j0ZKaTTDQ95UKxPPL+zn5oJ1L1VF/tQwXI="],"block_size":4096,"path":"ThirdPartyIP/bower_components/office-ui-fabric-js/dist/css/fabric.min.css"},{"block_hashes":["83ka0CZU3+gBVK3a6TzLNY84YnE6ZTTwM4FMAFCrFOs=","12/fwdQ69dTNg7KMUryiPpDeA6SBPJEZ74ZU9PCMuFs=","M1VSZxgKYCaNpZXo+ZHkpVPzlY8tXT8h3w/ZTod6hRY=","bMNV9lc3YMVXDSCJW4Muo+VxC/bs4h3NBlMBm0Sp9eM=","EEp5oHEizcaZ1Y2c7w9ccboeS7uuGxY4m5HjJHwAGUA=","QmuCJOaZoxNkzvnWPNfrw/habwrZbc7GrVbIST9zQbY=","zU7bYYQrAh+rTcZMH2eQz4Fe8i8yr3yrGqWZ2re6pZ4=","oi0cYNUObRnj61dKRUMiXL5Elw80ueFYwbYUrm5otaY=","s/N0T6TF3HD5QKhkeew1SQ6J9TD0nykqiv3lQDphXUI=","mXQip6wXXn48m0nhE3XE60A/XHoKsAQKET9625o0f2g=","Xq41leQg/QKxEPcLNdr+ef2qI8RAlTb9RXJHOIferG8=","CKPK4l6NWZazqOE0SST7Lawt7gP3/UnET9DF7hKGwaQ=","5pfqKOtv1t08lQVPzIv2Ssl2dSEq6IcTB534i3U688c=","MWAv+NsQ/6bRSCxSmBNiJIUZKTtBIew4DWhwV+KZHXA=","NKEeDf+mJ8RAFrCBA/LmYWKFFTYtU8YB/0jhZvlQceY=","1nTPJy4m2juyhHB3NYzUTlunS5X44xHDYItb7j+G1oQ=","B6EAlOoGHLOpOBsPX+yr+TscXktEf5SaA/GYwDpCxBI=","3IDCcNOL6O1U6GZgl9kICrKIWAO5ViiNPvr2Acy+SSI=","oAQEmSuUsn/0ro+4UIJ7pn+dTD8SLGzR9dMHq17RVQ0=","SY47vjctcVE+M1pbumMiTtsMXpIFl5jX/WKdkDWjNZ8=","tCsBkotYKFbPzEJOcKVf3M69niWPYYZd+hbIzhuPYd8=","LisJbtbnPvHOoui3B78XuWM9LMOQblgMmxIZ0IM/+RI=","J7oY1DmjAi8U0KbbkkG0GfxG2g4DDPa0K8OJpmwMshE=","sqB99txv7lspCI8zn3uW0lihEbgjl/Ar+FHNm9lzgLk="],"block_size":4096,"path":"ThirdPartyIP/bower_components/office-ui-fabric-js/dist/css/fabric.rtl.min.css"},{"block_hashes":["3C/a+D6nFQcPEbn9bc9QXZRxtuEIc+tY3+RVvgfr1Ns=","AVwS3nolwwn9Urjkrcr6oR2WLqY4yGolqoIm5KQsxFs=","ZPd70vsAr0Hzh/BLBhKKXVLOLlW0+SdkbUzwuVKH3+M=","hQj8ZaGKJoCINdKWdU0BF2I3dSq1LWoiH/TY/9LAY+k=","/4eqqljgOJiOVy7UVO/trikvrIPK8bCpwG4qudBqmsY=","8QN4GnsT4AOTrzxVDT+fz0gwN9F4DJQdJNfV2dXc73s=","r2EbDn8rSM5QDgSh8pmoDI2rSkx+YTbFUacKDL77p6s=","9dszNcAmFfMLk0tc+D/GSmfVm5R1lZg/lm+G8ZoitmQ=","dVRUhIwGd/XG7gGmO49gFY/NtQIMBC5deXPVSdjvSUU=","N8YY88QroNamGuAG3Kupn2nAm1QD+dOWOphdffxRV+Y=","1NCIw1HTtlsdsaIegCbcrf8i9AQTzgH4cdRTQmHxo5Q=","o81eKjOVhXOfinWMjUqXtGNhrbjBXwagUwOwAqP7P6g=","MOvYkACgh05cjpcOyXkXKcdn6tonVXEoxsD9yqz26m8=","DXxMwyFwQn5Gm5qNmdRLCwBE26Xk16zLuMy4l2IE69I=","Vq3XXJqBSvcP+OtH7WbFo6MiqB21NinLiatr9w9s4go=","ONXjC8tb6GqZsMsEgsXYm9Qmkrh21uOU6NHsMkgJeIA=","cO+ybEIfflv1cBnfDB8Wifg9rrl0K+XTc3GPMNukveI=","0a9R0QNYJNTcnsRBuIhp6RiEVY7SlhSjD5imSM+yu3Q=","DnCEPDBY8S8A/wCq534OtGd4Y/dz3rmoe4Qd1x0qZ6Y=","pBhi7T1iHTnIZ+CHB6NhUjTiR+M1/kaNKuv6KBEArwk=","1PICJNH8ZfWc19rVaQuItB6wH7FjzUVxJ0X2k7ygaK4=","ng68DgEfdTOQGqEfkFTylBYwY/v1ObqGYZON8FZ2l44=","0bFDfRSPAjoS76gqJl5N3IfpPQHKppxnN+coeTvVMyI=","wpjwzCBStTmh9VoM+7B2laMQv4ajkKB92pctlTiR3Gg=","/5Dsj1OYyjbfBZQh+fVpBfLT/XQsQhW3u9jucPAWfXg=","iIsehsqROUiCGpq32ICaakr31S9qK7V39n5PALBmxRM=","dbsejY8e0gNGBCLWtZembW5Zi9Er/C/9KI54k9vf7H0=","am/ZkP1WNc3+ZrLhC/nEYdx1TGNws4De8+JhlKXT5Q4=","KtYgBRYk7h04QGy87PtXVRLWGdfEZNdsCMJ+jOFt5OI=","cjsIrDN36lLhrHMivBsLsdPvW5KH9w7OLP/dDgxqUZA=","DPOuRO9n3PXjRJ+3DRP3kErzq8UHkW+vDtpYA9v9jLE=","efKpPojMBEncOB9XZYqE7PIIxz+ZmqrurHg/Ui7rzPE="],"block_size":4096,"path":"ThirdPartyIP/bower_components/office-ui-fabric-js/dist/documentation/Samples/Form/css/Form.css"},{"block_hashes":["axVP2v/VrFTYGoPtKYy3yDULP5pZc/zSCehSXzqPMzo=","Q3TOypfLn27KGqlT7ue4a9qk7KQ222J+7b6L7g1Tf9U=","koqoqhrxZ9fKS7Naq6hTSstqAa7CokhhTRXk1pOwnTg=","T4X3w6AeZ9YFg4zgPVpjiayIQ9BKyZ0a2/7b7GPUN2s=","fETCe6/VMQp/mlxuDCXy1rKwsqthpr9ad6WPBHSGfkg=","yc4cDQ5x+n3Dxism4yB+KMmoI6dARxxlZQUD5Ot10dQ=","IlDtcBF380axJVotASGNDUDQ/2E9MnHpqU2JJ1cy8iY=","Dbf0PQCDVnraetnNzrQ1XS9j+4hLTVqncHjyNuvRSX8=","uw1MsLO+4U+7uIhJLJITA3mCwhTi2NIuCGwEUXZGy0g=","yziNSm+QUkzmTmK+JAw/aU5O3l98aevysFKyo4Ax4bU=","K4YLZMBOzO+WxPcDv4/UU82zR+VujLWn/t0zy7ceSPQ=","JAZD6IowOgHXcR8p/P4IQfXQUrFcchP9frlwUlB+iCY=","gn79i/PLIL8bkoS0CV8Ih1DbNUvk9JFC0DBq27rjDJ0=","2l62YUXJ3xb9xRsSYmTdMl/BOGNxbK1FqSfaCbeShwU=","MHhHRjORmtA+OaunRfcJCaDPKmlxwN8CBo9tywTLPjU=","JyuJ3pH6WsrIQR2KcpONX9YCawdyGFeoPPIQEmSBi9k=","0IUb+X53TCa/GbL2JaxuBiZnr24+e19VbSTR6bNN/6k=","PCP4TgaOU+oXfmESb+DzOZik+Yr/uZjwKWJXGxGrLjM=","8rwDZcAKe4XYN0h0/WzgS+8T5DKvzhkfwfIIyXBSr9s=","MoiK2RKzNL9yRp9nLe6aDkxeXoXPu0gbPBuoa+u621Y=","69kKWCJXiahvfbGyMUBsFItf8mt4lKyexsLvaMqB5WM=","3oIOjMww77kQCwJ4Tq3INDYzpyF2KPvvmrFHJ0an+AY=","D9Ja90H9Ol7IiTULV9Z/lSjAfo4EAa97DPw2L2r4+Z4=","w+h1d1Z+jhOzu76fWEEKo+amDd5GPKAfzLYidmUyvd8=","Zw056Hu6X0ak/YUzoqlF1m0UrNS2Wlq3oW1By05sf2o=","mgQkZpaFKVD5e5+AK9dcAEZhsckc+mCCrAAEAdzT5JE="],"block_size":4096,"path":"ThirdPartyIP/bower_components/office-ui-fabric-js/dist/documentation/Samples/Form/css/Form.min.css"},{"block_hashes":["3C/a+D6nFQcPEbn9bc9QXZRxtuEIc+tY3+RVvgfr1Ns=","AVwS3nolwwn9Urjkrcr6oR2WLqY4yGolqoIm5KQsxFs=","ZPd70vsAr0Hzh/BLBhKKXVLOLlW0+SdkbUzwuVKH3+M=","hQj8ZaGKJoCINdKWdU0BF2I3dSq1LWoiH/TY/9LAY+k=","/4eqqljgOJiOVy7UVO/trikvrIPK8bCpwG4qudBqmsY=","8QN4GnsT4AOTrzxVDT+fz0gwN9F4DJQdJNfV2dXc73s=","r2EbDn8rSM5QDgSh8pmoDI2rSkx+YTbFUacKDL77p6s=","9dszNcAmFfMLk0tc+D/GSmfVm5R1lZg/lm+G8ZoitmQ=","dVRUhIwGd/XG7gGmO49gFY/NtQIMBC5deXPVSdjvSUU=","N8YY88QroNamGuAG3Kupn2nAm1QD+dOWOphdffxRV+Y=","1NCIw1HTtlsdsaIegCbcrf8i9AQTzgH4cdRTQmHxo5Q=","o81eKjOVhXOfinWMjUqXtGNhrbjBXwagUwOwAqP7P6g=","MOvYkACgh05cjpcOyXkXKcdn6tonVXEoxsD9yqz26m8=","DXxMwyFwQn5Gm5qNmdRLCwBE26Xk16zLuMy4l2IE69I=","Vq3XXJqBSvcP+OtH7WbFo6MiqB21NinLiatr9w9s4go=","ONXjC8tb6GqZsMsEgsXYm9Qmkrh21uOU6NHsMkgJeIA=","cO+ybEIfflv1cBnfDB8Wifg9rrl0K+XTc3GPMNukveI=","0a9R0QNYJNTcnsRBuIhp6RiEVY7SlhSjD5imSM+yu3Q=","DnCEPDBY8S8A/wCq534OtGd4Y/dz3rmoe4Qd1x0qZ6Y=","pBhi7T1iHTnIZ+CHB6NhUjTiR+M1/kaNKuv6KBEArwk=","1PICJNH8ZfWc19rVaQuItB6wH7FjzUVxJ0X2k7ygaK4=","ng68DgEfdTOQGqEfkFTylBYwY/v1ObqGYZON8FZ2l44=","0bFDfRSPAjoS76gqJl5N3IfpPQHKppxnN+coeTvVMyI=","wpjwzCBStTmh9VoM+7B2laMQv4ajkKB92pctlTiR3Gg=","/5Dsj1OYyjbfBZQh+fVpBfLT/XQsQhW3u9jucPAWfXg=","iIsehsqROUiCGpq32ICaakr31S9qK7V39n5PALBmxRM=","dbsejY8e0gNGBCLWtZembW5Zi9Er/C/9KI54k9vf7H0=","am/ZkP1WNc3+ZrLhC/nEYdx1TGNws4De8+JhlKXT5Q4=","KtYgBRYk7h04QGy87PtXVRLWGdfEZNdsCMJ+jOFt5OI=","cjsIrDN36lLhrHMivBsLsdPvW5KH9w7OLP/dDgxqUZA=","DPOuRO9n3PXjRJ+3DRP3kErzq8UHkW+vDtpYA9v9jLE=","pMlXvzGXoD9fVOE+K0UiB9tGpPrzGdvjXBnpLqo4Wm4=","FWoezG6ZqlXbXPjO3r8vhzY8uTdGeenoxPnZLSW1OCY="],"block_size":4096,"path":"ThirdPartyIP/bower_components/office-ui-fabric-js/dist/documentation/Samples/VideoPortal/css/VideoPortal.css"},{"block_hashes":["axVP2v/VrFTYGoPtKYy3yDULP5pZc/zSCehSXzqPMzo=","Q3TOypfLn27KGqlT7ue4a9qk7KQ222J+7b6L7g1Tf9U=","koqoqhrxZ9fKS7Naq6hTSstqAa7CokhhTRXk1pOwnTg=","T4X3w6AeZ9YFg4zgPVpjiayIQ9BKyZ0a2/7b7GPUN2s=","fETCe6/VMQp/mlxuDCXy1rKwsqthpr9ad6WPBHSGfkg=","yc4cDQ5x+n3Dxism4yB+KMmoI6dARxxlZQUD5Ot10dQ=","IlDtcBF380axJVotASGNDUDQ/2E9MnHpqU2JJ1cy8iY=","Dbf0PQCDVnraetnNzrQ1XS9j+4hLTVqncHjyNuvRSX8=","uw1MsLO+4U+7uIhJLJITA3mCwhTi2NIuCGwEUXZGy0g=","yziNSm+QUkzmTmK+JAw/aU5O3l98aevysFKyo4Ax4bU=","K4YLZMBOzO+WxPcDv4/UU82zR+VujLWn/t0zy7ceSPQ=","JAZD6IowOgHXcR8p/P4IQfXQUrFcchP9frlwUlB+iCY=","gn79i/PLIL8bkoS0CV8Ih1DbNUvk9JFC0DBq27rjDJ0=","2l62YUXJ3xb9xRsSYmTdMl/BOGNxbK1FqSfaCbeShwU=","MHhHRjORmtA+OaunRfcJCaDPKmlxwN8CBo9tywTLPjU=","JyuJ3pH6WsrIQR2KcpONX9YCawdyGFeoPPIQEmSBi9k=","0IUb+X53TCa/GbL2JaxuBiZnr24+e19VbSTR6bNN/6k=","PCP4TgaOU+oXfmESb+DzOZik+Yr/uZjwKWJXGxGrLjM=","8rwDZcAKe4XYN0h0/WzgS+8T5DKvzhkfwfIIyXBSr9s=","MoiK2RKzNL9yRp9nLe6aDkxeXoXPu0gbPBuoa+u621Y=","69kKWCJXiahvfbGyMUBsFItf8mt4lKyexsLvaMqB5WM=","3oIOjMww77kQCwJ4Tq3INDYzpyF2KPvvmrFHJ0an+AY=","D9Ja90H9Ol7IiTULV9Z/lSjAfo4EAa97DPw2L2r4+Z4=","w+h1d1Z+jhOzu76fWEEKo+amDd5GPKAfzLYidmUyvd8=","Zw056Hu6X0ak/YUzoqlF1m0UrNS2Wlq3oW1By05sf2o=","G7GlGoFQujCg1Ze1KYdWGR82ne36nf5GxNGuQ+yfaaQ=","mHaZjBo6OeevWv8sun383ZhU3gyv6TzKQu2xIeU9cFs="],"block_size":4096,"path":"ThirdPartyIP/bower_components/office-ui-fabric-js/dist/documentation/Samples/VideoPortal/css/VideoPortal.min.css"},{"block_hashes":["9XZvRiJ32lEgI7fwuLiPR0WuPlv9zHjpxKWL1NCNn8Q=","zQb5s/yihTKaAH6/Ftf9kozR2v0O1GzfvOaXGg2WbY0=","AjIANH2Xoa7lNW77LCTfvCSHZpnzeR2viQDkzDW4SY8=","+FanRsIBiPOGBl8llRQW5prtDqI994pSAjcoDt9YtJk=","LSP0MV1YGKRVf31XJAFRb4eyYBubLCFeWKRQrYqOogI=","5/5NGrHN1eRRXLWzdCb3VM0JC76zbpYgsNacQtTThbU=","nszjpyNE6gsdF0QLRtNnDA2UAJm4Hpz4t2IebklRJgc=","zs3yfUW3AqAhIqgQWihyTpJQwS53VZ5lF9ohC/o+rnA=","8mYXpm+3/7W2sBvg95iEVj6W7RK3UEcgRojwdm2t/LI=","/EBraK4HGOWCWloRwOCzZLDCyikT/zCrwxpPPy/8M8M=","IQNR4OzvkmQVXSvwnx5RPPLEie4TqNSYXaZ667WmACc=","IgKKBAoQTUfZqVJhFJYA8x31Wqzi8wuijFZkqyi04bM=","+pgUEAc3wNUo4wrL2JyO941v89/or+DJlHeZ6mcMl9Y="],"block_size":4096,"path":"ThirdPartyIP/bower_components/office-ui-fabric-js/dist/documentation/styles.css"},{"block_hashes":["PKDaq70xO9NcIXFmAu4eedweFuTpU4q3JV2N4sN1Q+8=","kcdt05fV53fvqAzv/dG+eHg01EsGFjT/qIckIQniX/Q=","xZsVmti5xcT7UtloJ6dwi6a9Hdv3///vBfuaujNPBEA=","DqUNaVpXmOVl5WodMYNd+qqJaGgorKcChS1QSlp/YEs=","/cSneg3tbovuDLgOgwKa4qipXz73iPG3nxIlMkXwJ+U=","LKLNEVnVaD5s/jvjMbfUkqog7GFE3miTOXuj+WqNov8=","il/rY0fjHY9xiaXmn+KMBZHYmS3Ey6apbUwBq1RfJZA=","qCDHNxJSXpUpo25qDekwiblzutM7jO3Hp+oL4qL8sHI=","rRoE3a4g1t7BiXPguN4E2U+21wMIsgL1D8duF9OSrb8=","aaJiL3A5BBBFLPW+Htw2bFBLWgpU8jXm64hsIOk/QW8="],"block_size":4096,"path":"ThirdPartyIP/bower_components/office-ui-fabric-js/dist/documentation/styles.min.css"},{"block_hashes":["l38xLE5MpQ0ibLchU9BxSpkFTmYKRAZRh23MTZqYHQg=","VD0ECfoY6XgtzuK3O6pJEFPWmEvn1SbjvRtL9GTBOB8=","/fVTQPwwC42mY+p80HE7cSQfdWqDOxcyQPx+AxUK9R4=","jJ8ABkuy06CHmaWc4gXd+es2zJoi6PtUQ/6D2FAxy4M=","cviTHV4AuLCMzyQ3UoAnGDng3Ypmsr5hlrVswPTKcw0=","EVRUvBqsKepqAl+D8zDkbiTIRUrNBbI9fyLDlXjEd7g=","TepJ0OUN31TFf3BKXLde3eufjZDkCWEiA3aLTU4ToIU=","F2iY8ihOI+gUts4mmjaNwvuEzOCWpl551arwnN8NEz0=","buKmxRhRilIU/4uvzwAexPW+wBRL3XVzk6zeVDY4h1A=","E5g8+Lg1tf5yDSJEC0TjBqpP5C9gyoui0tP9giOQ1YY=","KYMbl2o4lzs//oF5LQ/nA0OgESdstTp0PJNk3nHN+lU=","Nh5f7gzt/lA8hKw0xPd8ciA/GxtgTiw0jRtvQudADxA=","Uh9Rl67v2oxGp1MDTDEHQ/D99xenBXnpfbrRdHuAPp0=","0rPxuu4Ja26wgQS04ZRyvOV8HGDlTmmkUJgC827hD/E=","bARVTh0ibJx12RP4+aeNqC5bsHvyR8HZyvbU6zq0GcU=","gj7rxoSaHBZHwVWAbxvO0xCdoLc88yQfs5OvPl4+yvE=","bWVPqibttcLgvCDbUXhsTM/A0v5TVQXrtJ/jXQgwgwQ=","tOK8MEe/VRPzgwLH9pp+Kuvo2EImr3L36vbfOfFvD34="],"block_size":4096,"path":"ThirdPartyIP/bower_components/office-ui-fabric-js/dist/js/fabric.min.js"},{"block_hashes":["4jdHoaVXqDTSCQJLdt2T6vWbZHIqIiJQBaffB3llG2I="],"block_size":4096,"path":"ThirdPartyIP/bower_components/office-ui-fabric-js/src/documentation/sass/styles/_reset.css"},{"block_hashes":["jEMsbzGHbPWQuwKoMfw7/7NZrNj8B8qyoSl6h4EC2cA=","5r5QO354LgYprj9E7F3eyAZoyDIVmTFqKiLaWZc3QSA=","YR6tvco/uvXa1u13DHhdGHGnnXPtzK6ucabupW5BFCo=","wPpCBlGggQM5MIF42hXm7wQPhCbeDydiWZ+cs2s9MFQ=","zpwbINResYhKiBoPcHHmBdy1FYARu72mS1okyStmpZg=","lfdpXPmoy+jqfthjMelyWN9KxhL5/ua4RqO22Wmo7Xc=","jX739nT5E4QcwuaVE0f5apdmY9kcF0qO+HrEVSHIP38=","OWtQ31NsmPKBgP2HgFlDXyHA5M6gU+aUdIB+YDEzW7I=","lUS8td7480jqERShmHQ9bJ2pok+kH5RCYzDsAQgxJfY=","/bp3ETthy3lv/f6wwsFaX5rTPy8/FNUkQYIF/UAB2K8=","KheYTTfwsAGD3um6jw3ahrXh0ET8MK1yA1wMwRu+u+Y=","EWaQ9anM0HTQ0YAfyeJdbOsSK6v/Lbtm1+tGEdylMK4=","BSHQaGwo0cNPDp5i0kttDvSEqVOtrv4cfoRlFYoGtZA=","Ucz0aVrI+rj6UgjDHZiZ8Qnh+7FdRJOJMiT/6jWfkBo=","nA1+eru+knSqaqOlR773LaWZEAuYDTcEwgNF1BNsr6E=","urkZq3OZZ5jQjr+M31kN8XE8p6BKFAcLux3PlSq1SNk=","hMaH23/fMMPCDKDcWXrF9Q9AWD6OV2gSPE4OXV22/+Y="],"block_size":4096,"path":"ThirdPartyIP/third_party/ApplicationInsights-JS.0.17.0/ai.0.js"},{"block_hashes":["1lp2hrlowlGl1sKObiuOIGzlT0LIrrE+5aLuUljZeNs=","1VLSKlrXQV+gbu+sEAT5MfLeph7W6B7OqPgCZXdVLWo="],"block_size":4096,"path":"ThirdPartyIP/third_party/angularjs-localizationservice.1.0.1/localize.js"},{"block_hashes":["t/42Kt3SbOKbB/bY/SwocjLXlzF0vpMXH3KFm9+M14w="],"block_size":4096,"path":"ThirdPartyIP/third_party/string-format.js.1.0.0/string-format.min.js"},{"block_hashes":["HZXlbPJ1w5tTd84Opq0iQhzsSZ6vYnUHPcnLLpemi3c=","eNlhfwGW3SiOzFyI3ph0Rx0eNU2WiFrEbujyIo7TNl0="],"block_size":4096,"path":"ThirdPartyNotice.txt"},{"block_hashes":["WFCJ8HNPyJ+BXPUWN7OXffYtAS2LGkF+boKfXbSu3z4="],"block_size":4096,"path":"_locales/cultureMapping.json"},{"block_hashes":["HqpL5TTmpZXTiB4s6r+95CVUWxFNgvOvIIrzpHemZhQ=","ZydCcO8q4aRvORrfGN+q7qPjmwUHUMMdkDh3ClDfYns="],"block_size":4096,"path":"_locales/en_gb/messages.json"},{"block_hashes":["PjT+WO74oR8gKa6eX2/5EG4Xx+22jR78ttkR0jMO/Hs=","UWEpDYUcOdXg9sq+LdDuYOxYGnuNKNzW9jPv5RmgMAA=","8v9vpPjF9kNidO6fc1vTt8jqVmj0dY5xSzdq+MMkl8c="],"block_size":4096,"path":"_locales/pt_br/messages.json"},{"block_hashes":["/teiatrMfRikn9dxb2p9xM/3cWwDXOQZVWh3e6sZelo=","O56YrsOSxBdP+Uz6tI4/aq0ikv4YxK/7sN69nEvu9Nc=","jDmqbRr29WIzE96TrMWmhvNh8yzOk+JdkHzr8m2IiOs="],"block_size":4096,"path":"_locales/pt_pt/messages.json"},{"block_hashes":["rVzeTVZ2uL32YfxrcUQyXfN0CGEIlixGt8+g8qocCuc=","iaV+RibogfKyYCzrPmKnG7K52gN2ZGXKWLQl7jbnLG8="],"block_size":4096,"path":"_locales/zh_cn/messages.json"},{"block_hashes":["O6sh5gBiTP5f8054lAzSYuuJWCdJhzVBAVrDzywaNCk=","b446aDj+ehXik72JZUPgqgzfbq1w9952jYiCt/7FkLM="],"block_size":4096,"path":"_locales/zh_tw/messages.json"},{"block_hashes":["L2HX1/Dy9CD1qriM2thbLgPhLIYR1A/Hdicw3uD4XU8="],"block_size":4096,"path":"app.js"},{"block_hashes":["3j56+QT0qnq8du06WfawosBwuwn+LspqjkAQEl9ga0c="],"block_size":4096,"path":"assets/excel.png"},{"block_hashes":["KK0qCTlWiquxyKyfYd6WunX3Eq+QRxM+hXHc6FwbOqM="],"block_size":4096,"path":"assets/excel_doc.png"},{"block_hashes":["yzadTL+NPG/j5Fyvn9BICy8+jmY3UHWO7ObMFIME1xs="],"block_size":4096,"path":"assets/feedback/feedback_frown.svg"},{"block_hashes":["s5is/ADYfyBV3BsiyebU/J+pCj1alUkydlc/6MtCHVw="],"block_size":4096,"path":"assets/feedback/feedback_lightbulb.svg"},{"block_hashes":["lDwIyxnSvGSrmfH1iqQkuJGH5pFxPdELJu/2Rhxyo5M="],"block_size":4096,"path":"assets/feedback/feedback_smile.svg"},{"block_hashes":["XN7zse7P0a5etp6kD+GhBfHD+wjVu73VUKcxd/6KB9Q="],"block_size":4096,"path":"assets/generic_doc.png"},{"block_hashes":["XVP5yyd7Aei9/n1MuVhqqbRZdqNofh1/GYDbwFl+hsk="],"block_size":4096,"path":"assets/icon_16.png"},{"block_hashes":["BEWbHkQudIa5KVTT/QSdg5kBIZLb1XSSrTb33us377s="],"block_size":4096,"path":"assets/icon_20.png"},{"block_hashes":["TLee/TbaUGWHGNm+P8zjYwQ31JG5dGscgsOD1t2VqU8="],"block_size":4096,"path":"assets/icon_24.png"},{"block_hashes":["9zY/tMmOCDun79JyAg4iPpmqUt1iGo5/dWNIynaxIeA="],"block_size":4096,"path":"assets/icon_32.png"},{"block_hashes":["dYwPZA5P9rLXZR38whBZ27ewS6tQyQlNhgMoO0bmRZk="],"block_size":4096,"path":"assets/icon_inactive_16.png"},{"block_hashes":["Yw8VRRPYAGERWytLBd+WU6c0fvxzqIWb8LSz81xV5xo="],"block_size":4096,"path":"assets/icon_inactive_20.png"},{"block_hashes":["l3ZNpNL78jMI7NNVm+MGOvDjXH56vQkUaKpUufXzPig="],"block_size":4096,"path":"assets/icon_inactive_24.png"},{"block_hashes":["i9NH1ZtTfEAMxU4ppEjLxWg8kHbZTnhmsXdBZ8IOa4M="],"block_size":4096,"path":"assets/icon_inactive_32.png"},{"block_hashes":["mxytZo3ZlLIPl8H7MHOzYUc4evFIE1nMvxOPxbl1WP8=","HWkAl3IyTFoiiFH/mQkQZBJ+e3UQAMSQtlu/ycAf7Hg=","uvQGcSnUaC+SeDW7CYLmX3umaWcgZ3j4+pJywe9HjII=","ZEBoWvmc8JdXup5Na4yA0oQc/5De0Guoy8tFoYELetg=","EDCPYyJks8yJdzieZN0p1YAI1upyN7/Ke1lnGqgOtMI=","MEwltp7dSyBenu6VsgwvF2Dhd+KVpcgNpbkRxUMUDPM=","Vc5UjF5ISU8FNI0mSb0FptpdrGjOQ7Gs5lT6YsgHP2E=","iq/+acCHx/bR1dR7lRdl65m2R51QZrsmnKSqytwO2hE=","v9EXe6TT/9gUs1tVdpKJA0+w2m7IbQHGtkI3eEerTkk="],"block_size":4096,"path":"assets/mountainbackground.png"},{"block_hashes":["1Yi9noSYBOmFH7ka1u56xiZYd5MoGaDQtb53cQ85CVA="],"block_size":4096,"path":"assets/onenote.png"},{"block_hashes":["gEwQqmPS+GYvfTkxSyWBvGNAeiTf+qXhKjFzOkaT6o0="],"block_size":4096,"path":"assets/onenote_doc.png"},{"block_hashes":["n207e1uQnZsnXExib5/13hVQAlf+zC7TvjgXLUkA4tE="],"block_size":4096,"path":"assets/powerpoint.png"},{"block_hashes":["Hpu91Q9ha+isZkzRnFADMOiY8WFisOM7wzsZB5nY9Qg="],"block_size":4096,"path":"assets/powerpoint_doc.png"},{"block_hashes":["bd9+Hf5tDyDWBl+IL4+HVLPvaHqiIrLtoBv+nRUJzlY="],"block_size":4096,"path":"assets/sway.png"},{"block_hashes":["Ni1peUR0sy7ysu+JyR43f1H1ejJxRM0fzJ+T1uW0eAc="],"block_size":4096,"path":"assets/word.png"},{"block_hashes":["XSxV64yxzPjn4jNI08SF75HyAbuNL3aCht/+f0OLxsE="],"block_size":4096,"path":"assets/word_doc.png"},{"block_hashes":["3Y+/MyfFjriOSNJasPHkGaLLZ5po0eOr8wPp4pMlZrU=","uFkLQznTS7R1VhwnGIOd9ogi6yGpVA1fVsbcRZdJMso=","7hYVnEG0F0Lb7OqZxOREnWEIaOXChd5J20DfSKyGeho="],"block_size":4096,"path":"background/background.controller.js"},{"block_hashes":["ODNBxh7zKxMpyxKOx45SlAg701DN4zIoaK2snKoPlFI="],"block_size":4096,"path":"background/background.html"},{"block_hashes":["caxqDbT+o0Prc/lN57E6HshnhtbHNoBVuD+rKy7zjBc="],"block_size":4096,"path":"background/background.js"},{"block_hashes":["jydYTn8GDMSjeVmfhcmTEi9gRQt+3HzHGboimaEiY/g="],"block_size":4096,"path":"common/browserHandler.js"},{"block_hashes":["PGm0TBcrksCjFepHP/1fUSI4iWDQyJg0ohu0rGQygtQ=","VWldzyFAIUozIv+p0ho3mtm+bORsVIw8cmLUi1SlF5A="],"block_size":4096,"path":"common/constants.js"},{"block_hashes":["TbzT5z3v2OmijnKIfdZNBec7bqCyAqSyoyVpP6LKMTs="],"block_size":4096,"path":"common/httpErrorResponseInterceptor.js"},{"block_hashes":["92gMHskPPyGW/h0yJqDoGwukXjFGI9lNrNIxdDGUaoo="],"block_size":4096,"path":"common/httpRequestInterceptor.js"},{"block_hashes":["yRJOIBvuo1y+QKjKUsXcJhEjeZDTa/IiNHnmJrG8j7U="],"block_size":4096,"path":"common/notification.service.js"},{"block_hashes":["yyP7j/c1I/cPCwBDsNcw2dkEwJE1fiB12RuRDIDqTpU="],"block_size":4096,"path":"common/storage.service.js"},{"block_hashes":["s3pkUkg5CZzb0/eZWlTaTgbICGD+wAoKEeIwLVOWPeg="],"block_size":4096,"path":"common/utilities.js"},{"block_hashes":["oY7SheV8yWX3vSk95LI8Di905BXfQJADHSicGbi2gJ8="],"block_size":4096,"path":"common/utilities.logDecorator.js"},{"block_hashes":["SzRkfq6Vhplxs8Ccj9N7wB065YNDKi2li0/adddIC4o="],"block_size":4096,"path":"content/auth.js"},{"block_hashes":["tzR8u2nqHF8HxfJ5GOwmZNuPvHrr1mzcmEFknapYPuk="],"block_size":4096,"path":"content/sso.js"},{"block_hashes":["mJqRYa3L/PwL+NdjehKToNtp17UvMvYNfqAA3LU1/7g="],"block_size":4096,"path":"content/wac.js"},{"block_hashes":["MREc4J4dTbnCC5NBvQa1mBva2NXlcoCsKDarGPc1NsQ="],"block_size":4096,"path":"copypaste/copyPaste.service.js"},{"block_hashes":["Vz+MQq+xd1n1peX5Xu+VwyGYkY0+fAAHBNmjdG4WCfU="],"block_size":4096,"path":"copypaste/fileReader.js"},{"block_hashes":["mCYqB3wt0xzF3bDzHNdVLYKx6gNHpL+na99TiuzwMZs="],"block_size":4096,"path":"copypaste/image.service.js"},{"block_hashes":["xX0sV1EegIWf4IMkTMCiZ24qwDykH/7YLivgliCCUmU="],"block_size":4096,"path":"css/office365icons.css"},{"block_hashes":["8dVVoUK0tGO40FSmIxQx6DU1pAC964l96YxcfL6fFSE=","P5xkjuUO8j/QtINDcGCuH4DYdq4UXnASBpKCvvPp2S8=","ol0/7tNWQNy97qVFsI+9DQyCVdWkuZj/wiTu+K3kF3Q="],"block_size":4096,"path":"css/officeBrowserFeedback.css"},{"block_hashes":["+ZVZwK/LyXQ/pBwBYJzI1tiOwHLComVYhOQFVetC9Hg=","LJsJ6NRAkE6SyPfGOf49DqTGEg64znJtgd+lRgsFM6Y=","vwLqSrrIARdVdb0PfkJrHy7hFiHuiSJ5Jeb7LVLsVl8="],"block_size":4096,"path":"css/styles.css"},{"block_hashes":["1e0IdhPNOEtNTkqEgsh1g6Vb3PuejSYCU7LLlgpFq/k="],"block_size":4096,"path":"diagnostics/aria.js"},{"block_hashes":["W7eSJKF0rjVPUfjwXmVrfSoGc+L1edC6cP+ax01L0DM="],"block_size":4096,"path":"diagnostics/ariaTelemetry.service.js"},{"block_hashes":["6ZXImghf1KNRF7yGSGzqdB+dZ3pVtCpYCD3f+WT4qJs="],"block_size":4096,"path":"diagnostics/telemetry.service.js"},{"block_hashes":["iod7o7Qpb/eqUk4y6VUZ1FM1cLE/8nFVzgENbwraEe8="],"block_size":4096,"path":"experimentation/experiment.service.js"},{"block_hashes":["A4aHbWTs5LEDrKVaR/0pcszQaw7imzSmLJqkzI892fc="],"block_size":4096,"path":"experimentation/experimentConstants.js"},{"block_hashes":["GCPN9ULOpAIphngVtFw2biA+/8yJBE0HbjhJvVCGaH4="],"block_size":4096,"path":"experimentation/sharing/sharing.controller.js"},{"block_hashes":["Y/7i8LgZcPf2DeXDCtaez3y9qmBWe3ORH+iOsoH6Weo="],"block_size":4096,"path":"experimentation/sharing/sharing.html"},{"block_hashes":["8pcm68/40GpcTS4z+Pv6tGcfH96zbGuYhFshaocFq8U="],"block_size":4096,"path":"experimentation/sharing/sharing.service.js"},{"block_hashes":["uDORh2XJqKpqtsyweMemWDwh2eEBUtBfnQv+PJIQ/sY="],"block_size":4096,"path":"experimentation/sharing/sharingA/sharingA.controller.js"},{"block_hashes":["lCTycl+HXmMcamxKSrpmsQM0SrP0Vk3v7MLK8aMDRb4="],"block_size":4096,"path":"experimentation/sharing/sharingA/sharingA.css"},{"block_hashes":["GNIL7L3xvcxkedcjhQ40dIGtpyv3crsY649SY+wg7RU="],"block_size":4096,"path":"experimentation/sharing/sharingA/sharingA.html"},{"block_hashes":["9ACWdps/aU57Ul+jmuqy3iR6LOwxRVRIXqhkdwi4nMo="],"block_size":4096,"path":"experimentation/sharing/sharingControl/sharingControl.html"},{"block_hashes":["lcjCF4aILcvrmBqpNQFeVJkYwwYQmtqzPFNpjh9E2B4=","vjnEEtKYSbVm+wDPs1Pql16jAEDvhR6l877kOb5JGqw=","ZiQy24DLH72pBnBiI84Fd2L1EvOz+XxYnsWsFIr54dY=","0WyRLgL5uVWY40pqDZLu45cuhWdVv57KD9pkMjbAZMQ=","OkFzgFDBpR/+P86ZMGABrhRZWM085DOGNk7j5C0baxo=","/q2+2AZQWmC81QQH34Cer2BBY4N0s0HMbNjrd2SMv8g=","rclNN6hkqId8vBJD6wnnt/ef8eNvryevs4hyT8La4Js=","9oB9GvsII0RtRNHCSz1T6pgCQISDOCzWQCpSOrW4Wx8=","vuYZPAXZs78luqaQZ0r7Df/JH0/7KHkJ21DUeQWtEho=","u6EpIfaohut/05A1+t9MxbwVqNL3Fva4E9ITBV9iGOM=","eA6s73qoH+m/jBysRRe+bul6V7AN7xF/qrKYkB8IgU0=","KjxvcvMo+T6TTzBJ35NVkAZr/LsfCTlQ66Uj+lly8ZY="],"block_size":4096,"path":"feedback/CommonDiagnostics.js"},{"block_hashes":["rCkDsHenuoRe8/Xs0IkBioERe8GOo7kAZdioWyF/l3I=","xjVZVlziKz2+A4Q+5abgA3VZDS16KuscK4CCxi5VW2c=","4gwxdOikgk7zKx70gDcaMInE0+aQKkwlCyVEgRtZ+Bo=","ID1vG4yoYN59LT0X4+SFXkT2dGF5VdRMC8YCjXeI4kY=","Nr0hpw4HlylW5qjkplgq1u+dxcKthHB3OBp3PsvmamE=","lHxmXJbhqSIydED79ct5ZX38+CXg5/2dGKIb/9jRi3M=","RsN53OwNMvUWKuFq/JhtISbEywmEPRCNZlWm8vSuPK8=","xm1gAZoyQm4lfhYLqR/lLZPJ9M/OqDJup2qDeCvH0Po=","X9zgJG+PA60b5hfqZlOUsSkiV0+XaJUQccslQOe4y+Y=","LTOpFOBzxODB0fvuhMZ8k0YRrZHusYem8illipYAsrQ=","gijYuErqDjejEKOib2cIDT7I69FPvxeIaMDbehOZsHI=","45mqLZotyWtx1ud14KgRcPjvHYp0V+Qn4MW7D2+9l6o=","dpvl7oUq6SsgPZTafyzrWoCJ/CWq2AQRZTlU04PGFOg=","Sg4xaxUp7kCakOknuAf3eiZZAwudtOkch+/N7SGBgpA=","x5iBNIe5RbOhjkCRq3vyfQKf98pHP0XVgIbuWW1bxm0=","9ZW1XMqaCQF+6PR1ogcaU4gCLTu/JTv9Zbh7j+aWqWg=","NQu5rSRrncGyJ3JhgWKPtNPC9Dc6zmFQ+2DRlVALLKo=","kGSGB5cOfTMP7OMkGAzvhumPivl2BGdD3ovjAEdv5zs=","DMiAIcTRTqxBl1/FvCy1OqVoLgc0cDEvZ+ji/mKXxDs=","H94AfMwn44Pw3Cj5J1EG4/IDh5lKfkcT96NalO8PSa0=","D12z/PT/l4XojHy/R91d/TaL6Qu8EUHiXQn9eg7EJIw=","XRsqidgHX2sF33LAFSO/j1poUINCrzCxGWbJJT9vm2w=","NklVIhSYFbT/WTYKqJVbmg8EmcWIsjJhyaJ5IcbiGNQ=","sgt4s9raTJx+UXYDhxFVbL4cos6VSBTEt+9lbEzMADY=","GenMYa3tguExWwuvJ/IaofmizqTRTMyDCiz/xAIkPGM=","YiFW/DxySi6cGOeu94GJIXk12IyEC1akzmA3ighV/Ko=","GWSaxlkqPdL6s9kb44yyswLZ5nLrBzG/vzu7LFLd36g=","gvvv9Ws8DtMYp4yt+p1AvEQAbtwzJsY+zxiLUZW+qLk=","NK2mi+pmO8qXAXPyzHPuSEUmIXlk9lnydHMv+HVlcm0=","xNYaJ7TVpvQWKoUygHS6+FcOL1YgwE+1keCqJ5I9kWA=","JEyPWOdhZ92X7vxnJvVfcroPUt3s8T/kuTf4fdWn5Rk=","xc5XeVs10EWYSx9r8NmNBo9ySX/qIPC5azh58dAXGW0="],"block_size":4096,"path":"feedback/Feedback.js"},{"block_hashes":["YuMGihJoPeEvDPfw5wl3PjNb1LsbKZHLIxpcx5wwfgY=","m3O9BkZQNWlFAZGP/4NuYj7nRqw+8fbqfG2UBr1fIlQ=","HtZW55FnTXjJeLnzS4zvMNXoMDtMGbLBMKkL8Gy5EAk=","ezJX9zhPMVKa+jtAmPk0Uku4q6crMBt8ZxvNpdO+Cbw=","+KY/PJVQ/2opcSff6ylyakzV3zZkABMOdK7V4B+KWzw=","3JQzbUjvwMDL44Eb+sM3mvI5bDd70kugffaKQRTfdIk=","uUJ1Uc6taR2F00y2VRGjIUCr/jVwGXbKvvP3Ki/QVbY=","nVaYAMcLTuF2jXcbFDS6DY1qlTycdzYNBB0ffmXsqKQ=","oxMelWU0hmupd+WJMe0ttu1TCRsWL1Bdw7G1OV0nUSI=","dgOc2XHgqp+dPGWMTXljPJCp4frPpCIjOFx5/qUpUsk=","zKRmcJciApEKyqhzx828cJj738CsF1g4vUxlFGH/YOI=","QZUEmd1Vo/IHKYhMtEEjxU9/bkyu7xmfxRw7UtSgHrc=","Cwx9ws9enmhmN8oS6EQuF9h6to5kh5gNB83S1etFYKA=","uAiesrOTfH+H+zhLt+nAOk+tD2zXXxksQvNrX+4NJAc=","H/9YeXIm+tzXP0WJzXP3LV2+Xk2OyJEwqyMwtxjDJTI=","jImZdQi+XeEN0RZLGg5mhfo1qqxXU9cvo5KUPEHJvRY=","yUrm0RvHo3dEcfCfKTLhkep+zeVkGOZinI+xM96Dsc0=","VVklbZJjtYBsXkxQIklbV15j/sA6gdXw6lRHav0uwSI=","BH7g+1QvA73G6QyOJndoChuUMqnIL+qqX/RugMtExuk=","8Edvnnk8MvfMcDlBzoPoOOF2HPlbPs90DCdU16LSNis=","w1bSOCcXztCTXIUKo7XX2DiRFNQI62VZisf7aVnW+JI=","QzSaqoyNXzt6tgWBO96ikzRGB2VNxOx6qBVEnkiPdVs=","yF+N57k1rW8I7fYgUN8g+qeui+jRIpR6c+czDMfG+8I=","WzGgNo7oEI3Mv4pts8s+7nhbR0u8P1gWfzf70Fo/DRY=","DZK0fgN+h6+NcWlD0b9LreXZx4y/F2Et5CxXwGIGOqU=","+rmH1GDW5wZpvmVLLq4pYaEnhuR+uhtPYc1FrBGwyXQ=","1PbjW4zmxG4TZNZl9SgTOcVGNM/nBd4T8a7uZ0AldPE="],"block_size":4096,"path":"feedback/MicrosoftAjax.js"},{"block_hashes":["tb7jWUuEvejEDv6GWdFgtB0ArZ4i18/MixynaMqeevM="],"block_size":4096,"path":"feedback/feedback.html"},{"block_hashes":["k0UzpqXvN291wgr5NxzV0TV1rM5rF1WT3mJvuVavVvU="],"block_size":4096,"path":"feedback/feedbackIntl.js"},{"block_hashes":["NAQG5wUiIESQfZ5djYngq+vD/YnTK49pNjdQj0kdZBg="],"block_size":4096,"path":"file/file.service.js"},{"block_hashes":["DF7uE4L60AJlxKf98YtdyT2faXG8GYylnQGaVG7SyMA="],"block_size":4096,"path":"file/fileLoader.service.js"},{"block_hashes":["nrTTKMgCUyHWtgRZ3ITWZ26Isiorilq3/yVaOLuG3RI="],"block_size":4096,"path":"file/oneDriveFile.service.js"},{"block_hashes":["UXCk1qDUpHtFOyGtJh5cgUYlquD9onZbkzfenHZ3quw="],"block_size":4096,"path":"file/sharePointFile.service.js"},{"block_hashes":["PXo2FeEuduA8mg5my3DHMelHHOkxE18wrH+bSNVCb78=","7Ey6nPP51+pEbbCuLwP8GM0z9wrHVbC4ev0OfeP1j2U="],"block_size":4096,"path":"font/office365icons.eot"},{"block_hashes":["ZZTB/jrEfeDhrQIis4y1u39dqCpMvkSRgVKu7nTAU4Q="],"block_size":4096,"path":"font/office365icons.svg"},{"block_hashes":["1VhHSAzj1x6qAF+5vuf/P+vSrr07p2p/SZGXvqLqh4o=","Mv6StpHRe7P02m/l1EbDeW6zURNokL/gJk4TYlUEtks="],"block_size":4096,"path":"font/office365icons.ttf"},{"block_hashes":["1OMPYjisg/bzcuehfecwOoG8gk/wsc9A/2E+wBGVr3U="],"block_size":4096,"path":"font/office365icons.woff"},{"block_hashes":["rxA+UBagiqrrQ+s8EitYp9FMXgdsqBHVs3UJHuRp2ow="],"block_size":4096,"path":"index.html"},{"block_hashes":["cLBVFZR4DS6Pt2ArfrCuvzLr+WXRQ8IxV4/XoirSTSU="],"block_size":4096,"path":"mru/mru.controller.js"},{"block_hashes":["rz7vwixvqFMX4oPgGH4dl74a6oOxU2jaFnIBLkixO/w="],"block_size":4096,"path":"mru/mru.service.js"},{"block_hashes":["xIYkRhUiJ/qHEyAgMQuL+V4Dpegz/xEXpMr/wFDGmqw=","jvlwAnn/uZ3EGp5wTPE53xJxLBc+dmhzwmFf84Agyn4=","sI5/V1xTecfVtxYi0dM9FTd2KSjIfksbarfVoap7WGw="],"block_size":4096,"path":"popup/popup.controller.js"},{"block_hashes":["CEkO6atsPN3fcThoveYT3UB+Cqwmnubpm87AAwKxJ0I=","h4dnh24uaVaRzF589ssCj2ps7y1qzKBAyDD34GlPghg=","2WoTOjpZ8IZsck6Xls8trBwMiV88kFVALPbRwbm2/2c="],"block_size":4096,"path":"popup/popup.html"},{"block_hashes":["hUR5DIt1r6Zwhe1iQa9lJ0JjXwTijdmTUWqJP8TbiVs="],"block_size":4096,"path":"user/msaUser.service.js"},{"block_hashes":["UzoG7KDncWuF31toGPsscf6cvU2JIuZr/r/oyjfTTUc="],"block_size":4096,"path":"user/o365User.service.js"},{"block_hashes":["9RX66EB/CMAXZRvs3htxrUWxhpSgOiv3DqwVXLUA3Vo="],"block_size":4096,"path":"user/protectedResourceInterceptor.js"},{"block_hashes":["UtbU50hOvcheY2amQoHMuOF4TWDjuwrK6uZDOFPrQzA=","s9YHE60uJNXLxB2LtSjLLMmxYAwDQwUp2y25G3l1EAg="],"block_size":4096,"path":"user/user.service.js"}],"version":2}